/home/sagemaker-user/RFantibody_partialflow/.venv/lib/python3.10/site-packages/Bio/pairwise2.py:278: BiopythonDeprecationWarning: Bio.pairwise2 has been deprecated, and we intend to remove it in a future release of Biopython. As an alternative, please consider using Bio.Align.PairwiseAligner as a replacement, and contact the Biopython developers if you still need the Bio.pairwise2 module.
  warnings.warn(
[ProteinMPNN] Found protein_mpnn_utils.py at: /home/sagemaker-user/RFantibody_partialflow/src/rfantibody/proteinmpnn/model

[Parallel] GPU assignment:
  GPU(s) ['0', '1', '2', '3', '4', '5', '6', '7']: arms ['C']  (8 GPU(s) per arm, concurrent)
[Parallel] Generation budget: 80.00 GPU-hour(s)
[Parallel] Launched PID 1196310 for GPU(s) ['0', '1', '2', '3', '4', '5', '6', '7'] (arms ['C'])
/home/sagemaker-user/RFantibody_partialflow/.venv/lib/python3.10/site-packages/Bio/pairwise2.py:278: BiopythonDeprecationWarning: Bio.pairwise2 has been deprecated, and we intend to remove it in a future release of Biopython. As an alternative, please consider using Bio.Align.PairwiseAligner as a replacement, and contact the Biopython developers if you still need the Bio.pairwise2 module.
  warnings.warn(
[ProteinMPNN] Found protein_mpnn_utils.py at: /home/sagemaker-user/RFantibody_partialflow/src/rfantibody/proteinmpnn/model
[Arm C] Starting on GPU(s) ['0', '1', '2', '3', '4', '5', '6', '7'] (PID 1196310)
  [Arm C] Initialising beam: 100 seeds across 8 GPU(s)…
/home/sagemaker-user/RFantibody_partialflow/.venv/lib/python3.10/site-packages/Bio/pairwise2.py:278: BiopythonDeprecationWarning: Bio.pairwise2 has been deprecated, and we intend to remove it in a future release of Biopython. As an alternative, please consider using Bio.Align.PairwiseAligner as a replacement, and contact the Biopython developers if you still need the Bio.pairwise2 module.
  warnings.warn(
/home/sagemaker-user/RFantibody_partialflow/.venv/lib/python3.10/site-packages/Bio/pairwise2.py:278: BiopythonDeprecationWarning: Bio.pairwise2 has been deprecated, and we intend to remove it in a future release of Biopython. As an alternative, please consider using Bio.Align.PairwiseAligner as a replacement, and contact the Biopython developers if you still need the Bio.pairwise2 module.
  warnings.warn(
/home/sagemaker-user/RFantibody_partialflow/.venv/lib/python3.10/site-packages/Bio/pairwise2.py:278: BiopythonDeprecationWarning: Bio.pairwise2 has been deprecated, and we intend to remove it in a future release of Biopython. As an alternative, please consider using Bio.Align.PairwiseAligner as a replacement, and contact the Biopython developers if you still need the Bio.pairwise2 module.
  warnings.warn(
/home/sagemaker-user/RFantibody_partialflow/.venv/lib/python3.10/site-packages/Bio/pairwise2.py:278: BiopythonDeprecationWarning: Bio.pairwise2 has been deprecated, and we intend to remove it in a future release of Biopython. As an alternative, please consider using Bio.Align.PairwiseAligner as a replacement, and contact the Biopython developers if you still need the Bio.pairwise2 module.
  warnings.warn(
/home/sagemaker-user/RFantibody_partialflow/.venv/lib/python3.10/site-packages/Bio/pairwise2.py:278: BiopythonDeprecationWarning: Bio.pairwise2 has been deprecated, and we intend to remove it in a future release of Biopython. As an alternative, please consider using Bio.Align.PairwiseAligner as a replacement, and contact the Biopython developers if you still need the Bio.pairwise2 module.
  warnings.warn(
/home/sagemaker-user/RFantibody_partialflow/.venv/lib/python3.10/site-packages/Bio/pairwise2.py:278: BiopythonDeprecationWarning: Bio.pairwise2 has been deprecated, and we intend to remove it in a future release of Biopython. As an alternative, please consider using Bio.Align.PairwiseAligner as a replacement, and contact the Biopython developers if you still need the Bio.pairwise2 module.
  warnings.warn(
/home/sagemaker-user/RFantibody_partialflow/.venv/lib/python3.10/site-packages/Bio/pairwise2.py:278: BiopythonDeprecationWarning: Bio.pairwise2 has been deprecated, and we intend to remove it in a future release of Biopython. As an alternative, please consider using Bio.Align.PairwiseAligner as a replacement, and contact the Biopython developers if you still need the Bio.pairwise2 module.
  warnings.warn(
/home/sagemaker-user/RFantibody_partialflow/.venv/lib/python3.10/site-packages/Bio/pairwise2.py:278: BiopythonDeprecationWarning: Bio.pairwise2 has been deprecated, and we intend to remove it in a future release of Biopython. As an alternative, please consider using Bio.Align.PairwiseAligner as a replacement, and contact the Biopython developers if you still need the Bio.pairwise2 module.
  warnings.warn(
[ProteinMPNN] Found protein_mpnn_utils.py at: /home/sagemaker-user/RFantibody_partialflow/src/rfantibody/proteinmpnn/model
    rollout cp=0 parent=-1 child=0: rfdiffusion… [DEBUG run_denovo_round] input_pdb=/home/sagemaker-user/RFantibody_partialflow/IL1RAP_5I1A_benchmark_parallel_igdesign/arm_C_beam_no_anchor/_beam_work/input_renumbered.pdb
[DEBUG run_denovo_round] original_pdb=/home/sagemaker-user/RFantibody_partialflow/IL1RAP_5I1A_benchmark_parallel_igdesign/arm_C_beam_no_anchor/_beam_work/input_renumbered.pdb
[DEBUG] RFdiffusion command:
/home/sagemaker-user/RFantibody_partialflow/.venv/bin/python /home/sagemaker-user/RFantibody_partialflow/src/rfantibody/rfdiffusion/rfdiffusion_inference.py inference.input_pdb=/home/sagemaker-user/RFantibody_partialflow/IL1RAP_5I1A_benchmark_parallel_igdesign/arm_C_beam_no_anchor/_beam_work/input_renumbered.pdb inference.output_prefix=/home/sagemaker-user/RFantibody_partialflow/IL1RAP_5I1A_benchmark_parallel_igdesign/arm_C_beam_no_anchor/_beam_work/cp00_n0000_rfd inference.num_designs=1 inference.ckpt_override_path=/home/sagemaker-user/RFantibody_partialflow/weights/RFdiffusion_Ab.pt 'contigmap.contigs=[H1-25/5-9/H33-51/4-8/H58-98/8-12/H109-121/0 L122-144/9-13/L156-170/5-9/L178-209/7-11/L219-231/0 T232-563]' 'ppi.hotspot_res=[T393,T396,T397,T401,T450,T518]'
[DEBUG] inference.input_pdb in cmd: ['inference.input_pdb=/home/sagemaker-user/RFantibody_partialflow/IL1RAP_5I1A_benchmark_parallel_igdesign/arm_C_beam_no_anchor/_beam_work/input_renumbered.pdb']
[ProteinMPNN] Found protein_mpnn_utils.py at: /home/sagemaker-user/RFantibody_partialflow/src/rfantibody/proteinmpnn/model
    rollout cp=0 parent=-1 child=3: rfdiffusion… [DEBUG run_denovo_round] input_pdb=/home/sagemaker-user/RFantibody_partialflow/IL1RAP_5I1A_benchmark_parallel_igdesign/arm_C_beam_no_anchor/_beam_work/input_renumbered.pdb
[DEBUG run_denovo_round] original_pdb=/home/sagemaker-user/RFantibody_partialflow/IL1RAP_5I1A_benchmark_parallel_igdesign/arm_C_beam_no_anchor/_beam_work/input_renumbered.pdb
[DEBUG] RFdiffusion command:
/home/sagemaker-user/RFantibody_partialflow/.venv/bin/python /home/sagemaker-user/RFantibody_partialflow/src/rfantibody/rfdiffusion/rfdiffusion_inference.py inference.input_pdb=/home/sagemaker-user/RFantibody_partialflow/IL1RAP_5I1A_benchmark_parallel_igdesign/arm_C_beam_no_anchor/_beam_work/input_renumbered.pdb inference.output_prefix=/home/sagemaker-user/RFantibody_partialflow/IL1RAP_5I1A_benchmark_parallel_igdesign/arm_C_beam_no_anchor/_beam_work/cp00_n0003_rfd inference.num_designs=1 inference.ckpt_override_path=/home/sagemaker-user/RFantibody_partialflow/weights/RFdiffusion_Ab.pt 'contigmap.contigs=[H1-25/5-9/H33-51/4-8/H58-98/8-12/H109-121/0 L122-144/9-13/L156-170/5-9/L178-209/7-11/L219-231/0 T232-563]' 'ppi.hotspot_res=[T393,T396,T397,T401,T450,T518]'
[DEBUG] inference.input_pdb in cmd: ['inference.input_pdb=/home/sagemaker-user/RFantibody_partialflow/IL1RAP_5I1A_benchmark_parallel_igdesign/arm_C_beam_no_anchor/_beam_work/input_renumbered.pdb']
[ProteinMPNN] Found protein_mpnn_utils.py at: /home/sagemaker-user/RFantibody_partialflow/src/rfantibody/proteinmpnn/model
    rollout cp=0 parent=-1 child=1: rfdiffusion… [DEBUG run_denovo_round] input_pdb=/home/sagemaker-user/RFantibody_partialflow/IL1RAP_5I1A_benchmark_parallel_igdesign/arm_C_beam_no_anchor/_beam_work/input_renumbered.pdb
[DEBUG run_denovo_round] original_pdb=/home/sagemaker-user/RFantibody_partialflow/IL1RAP_5I1A_benchmark_parallel_igdesign/arm_C_beam_no_anchor/_beam_work/input_renumbered.pdb
[DEBUG] RFdiffusion command:
/home/sagemaker-user/RFantibody_partialflow/.venv/bin/python /home/sagemaker-user/RFantibody_partialflow/src/rfantibody/rfdiffusion/rfdiffusion_inference.py inference.input_pdb=/home/sagemaker-user/RFantibody_partialflow/IL1RAP_5I1A_benchmark_parallel_igdesign/arm_C_beam_no_anchor/_beam_work/input_renumbered.pdb inference.output_prefix=/home/sagemaker-user/RFantibody_partialflow/IL1RAP_5I1A_benchmark_parallel_igdesign/arm_C_beam_no_anchor/_beam_work/cp00_n0001_rfd inference.num_designs=1 inference.ckpt_override_path=/home/sagemaker-user/RFantibody_partialflow/weights/RFdiffusion_Ab.pt 'contigmap.contigs=[H1-25/5-9/H33-51/4-8/H58-98/8-12/H109-121/0 L122-144/9-13/L156-170/5-9/L178-209/7-11/L219-231/0 T232-563]' 'ppi.hotspot_res=[T393,T396,T397,T401,T450,T518]'
[DEBUG] inference.input_pdb in cmd: ['inference.input_pdb=/home/sagemaker-user/RFantibody_partialflow/IL1RAP_5I1A_benchmark_parallel_igdesign/arm_C_beam_no_anchor/_beam_work/input_renumbered.pdb']
[ProteinMPNN] Found protein_mpnn_utils.py at: /home/sagemaker-user/RFantibody_partialflow/src/rfantibody/proteinmpnn/model
    rollout cp=0 parent=-1 child=2: rfdiffusion… [DEBUG run_denovo_round] input_pdb=/home/sagemaker-user/RFantibody_partialflow/IL1RAP_5I1A_benchmark_parallel_igdesign/arm_C_beam_no_anchor/_beam_work/input_renumbered.pdb
[DEBUG run_denovo_round] original_pdb=/home/sagemaker-user/RFantibody_partialflow/IL1RAP_5I1A_benchmark_parallel_igdesign/arm_C_beam_no_anchor/_beam_work/input_renumbered.pdb
[DEBUG] RFdiffusion command:
/home/sagemaker-user/RFantibody_partialflow/.venv/bin/python /home/sagemaker-user/RFantibody_partialflow/src/rfantibody/rfdiffusion/rfdiffusion_inference.py inference.input_pdb=/home/sagemaker-user/RFantibody_partialflow/IL1RAP_5I1A_benchmark_parallel_igdesign/arm_C_beam_no_anchor/_beam_work/input_renumbered.pdb inference.output_prefix=/home/sagemaker-user/RFantibody_partialflow/IL1RAP_5I1A_benchmark_parallel_igdesign/arm_C_beam_no_anchor/_beam_work/cp00_n0002_rfd inference.num_designs=1 inference.ckpt_override_path=/home/sagemaker-user/RFantibody_partialflow/weights/RFdiffusion_Ab.pt 'contigmap.contigs=[H1-25/5-9/H33-51/4-8/H58-98/8-12/H109-121/0 L122-144/9-13/L156-170/5-9/L178-209/7-11/L219-231/0 T232-563]' 'ppi.hotspot_res=[T393,T396,T397,T401,T450,T518]'
[DEBUG] inference.input_pdb in cmd: ['inference.input_pdb=/home/sagemaker-user/RFantibody_partialflow/IL1RAP_5I1A_benchmark_parallel_igdesign/arm_C_beam_no_anchor/_beam_work/input_renumbered.pdb']
[ProteinMPNN] Found protein_mpnn_utils.py at: /home/sagemaker-user/RFantibody_partialflow/src/rfantibody/proteinmpnn/model
    rollout cp=0 parent=-1 child=5: rfdiffusion… [DEBUG run_denovo_round] input_pdb=/home/sagemaker-user/RFantibody_partialflow/IL1RAP_5I1A_benchmark_parallel_igdesign/arm_C_beam_no_anchor/_beam_work/input_renumbered.pdb
[DEBUG run_denovo_round] original_pdb=/home/sagemaker-user/RFantibody_partialflow/IL1RAP_5I1A_benchmark_parallel_igdesign/arm_C_beam_no_anchor/_beam_work/input_renumbered.pdb
[DEBUG] RFdiffusion command:
/home/sagemaker-user/RFantibody_partialflow/.venv/bin/python /home/sagemaker-user/RFantibody_partialflow/src/rfantibody/rfdiffusion/rfdiffusion_inference.py inference.input_pdb=/home/sagemaker-user/RFantibody_partialflow/IL1RAP_5I1A_benchmark_parallel_igdesign/arm_C_beam_no_anchor/_beam_work/input_renumbered.pdb inference.output_prefix=/home/sagemaker-user/RFantibody_partialflow/IL1RAP_5I1A_benchmark_parallel_igdesign/arm_C_beam_no_anchor/_beam_work/cp00_n0005_rfd inference.num_designs=1 inference.ckpt_override_path=/home/sagemaker-user/RFantibody_partialflow/weights/RFdiffusion_Ab.pt 'contigmap.contigs=[H1-25/5-9/H33-51/4-8/H58-98/8-12/H109-121/0 L122-144/9-13/L156-170/5-9/L178-209/7-11/L219-231/0 T232-563]' 'ppi.hotspot_res=[T393,T396,T397,T401,T450,T518]'
[DEBUG] inference.input_pdb in cmd: ['inference.input_pdb=/home/sagemaker-user/RFantibody_partialflow/IL1RAP_5I1A_benchmark_parallel_igdesign/arm_C_beam_no_anchor/_beam_work/input_renumbered.pdb']
[ProteinMPNN] Found protein_mpnn_utils.py at: /home/sagemaker-user/RFantibody_partialflow/src/rfantibody/proteinmpnn/model
    rollout cp=0 parent=-1 child=7: rfdiffusion… [DEBUG run_denovo_round] input_pdb=/home/sagemaker-user/RFantibody_partialflow/IL1RAP_5I1A_benchmark_parallel_igdesign/arm_C_beam_no_anchor/_beam_work/input_renumbered.pdb
[DEBUG run_denovo_round] original_pdb=/home/sagemaker-user/RFantibody_partialflow/IL1RAP_5I1A_benchmark_parallel_igdesign/arm_C_beam_no_anchor/_beam_work/input_renumbered.pdb
[DEBUG] RFdiffusion command:
/home/sagemaker-user/RFantibody_partialflow/.venv/bin/python /home/sagemaker-user/RFantibody_partialflow/src/rfantibody/rfdiffusion/rfdiffusion_inference.py inference.input_pdb=/home/sagemaker-user/RFantibody_partialflow/IL1RAP_5I1A_benchmark_parallel_igdesign/arm_C_beam_no_anchor/_beam_work/input_renumbered.pdb inference.output_prefix=/home/sagemaker-user/RFantibody_partialflow/IL1RAP_5I1A_benchmark_parallel_igdesign/arm_C_beam_no_anchor/_beam_work/cp00_n0007_rfd inference.num_designs=1 inference.ckpt_override_path=/home/sagemaker-user/RFantibody_partialflow/weights/RFdiffusion_Ab.pt 'contigmap.contigs=[H1-25/5-9/H33-51/4-8/H58-98/8-12/H109-121/0 L122-144/9-13/L156-170/5-9/L178-209/7-11/L219-231/0 T232-563]' 'ppi.hotspot_res=[T393,T396,T397,T401,T450,T518]'
[DEBUG] inference.input_pdb in cmd: ['inference.input_pdb=/home/sagemaker-user/RFantibody_partialflow/IL1RAP_5I1A_benchmark_parallel_igdesign/arm_C_beam_no_anchor/_beam_work/input_renumbered.pdb']
[ProteinMPNN] Found protein_mpnn_utils.py at: /home/sagemaker-user/RFantibody_partialflow/src/rfantibody/proteinmpnn/model
    rollout cp=0 parent=-1 child=6: rfdiffusion… [DEBUG run_denovo_round] input_pdb=/home/sagemaker-user/RFantibody_partialflow/IL1RAP_5I1A_benchmark_parallel_igdesign/arm_C_beam_no_anchor/_beam_work/input_renumbered.pdb
[DEBUG run_denovo_round] original_pdb=/home/sagemaker-user/RFantibody_partialflow/IL1RAP_5I1A_benchmark_parallel_igdesign/arm_C_beam_no_anchor/_beam_work/input_renumbered.pdb
[DEBUG] RFdiffusion command:
/home/sagemaker-user/RFantibody_partialflow/.venv/bin/python /home/sagemaker-user/RFantibody_partialflow/src/rfantibody/rfdiffusion/rfdiffusion_inference.py inference.input_pdb=/home/sagemaker-user/RFantibody_partialflow/IL1RAP_5I1A_benchmark_parallel_igdesign/arm_C_beam_no_anchor/_beam_work/input_renumbered.pdb inference.output_prefix=/home/sagemaker-user/RFantibody_partialflow/IL1RAP_5I1A_benchmark_parallel_igdesign/arm_C_beam_no_anchor/_beam_work/cp00_n0006_rfd inference.num_designs=1 inference.ckpt_override_path=/home/sagemaker-user/RFantibody_partialflow/weights/RFdiffusion_Ab.pt 'contigmap.contigs=[H1-25/5-9/H33-51/4-8/H58-98/8-12/H109-121/0 L122-144/9-13/L156-170/5-9/L178-209/7-11/L219-231/0 T232-563]' 'ppi.hotspot_res=[T393,T396,T397,T401,T450,T518]'
[DEBUG] inference.input_pdb in cmd: ['inference.input_pdb=/home/sagemaker-user/RFantibody_partialflow/IL1RAP_5I1A_benchmark_parallel_igdesign/arm_C_beam_no_anchor/_beam_work/input_renumbered.pdb']
[ProteinMPNN] Found protein_mpnn_utils.py at: /home/sagemaker-user/RFantibody_partialflow/src/rfantibody/proteinmpnn/model
    rollout cp=0 parent=-1 child=4: rfdiffusion… [DEBUG run_denovo_round] input_pdb=/home/sagemaker-user/RFantibody_partialflow/IL1RAP_5I1A_benchmark_parallel_igdesign/arm_C_beam_no_anchor/_beam_work/input_renumbered.pdb
[DEBUG run_denovo_round] original_pdb=/home/sagemaker-user/RFantibody_partialflow/IL1RAP_5I1A_benchmark_parallel_igdesign/arm_C_beam_no_anchor/_beam_work/input_renumbered.pdb
[DEBUG] RFdiffusion command:
/home/sagemaker-user/RFantibody_partialflow/.venv/bin/python /home/sagemaker-user/RFantibody_partialflow/src/rfantibody/rfdiffusion/rfdiffusion_inference.py inference.input_pdb=/home/sagemaker-user/RFantibody_partialflow/IL1RAP_5I1A_benchmark_parallel_igdesign/arm_C_beam_no_anchor/_beam_work/input_renumbered.pdb inference.output_prefix=/home/sagemaker-user/RFantibody_partialflow/IL1RAP_5I1A_benchmark_parallel_igdesign/arm_C_beam_no_anchor/_beam_work/cp00_n0004_rfd inference.num_designs=1 inference.ckpt_override_path=/home/sagemaker-user/RFantibody_partialflow/weights/RFdiffusion_Ab.pt 'contigmap.contigs=[H1-25/5-9/H33-51/4-8/H58-98/8-12/H109-121/0 L122-144/9-13/L156-170/5-9/L178-209/7-11/L219-231/0 T232-563]' 'ppi.hotspot_res=[T393,T396,T397,T401,T450,T518]'
[DEBUG] inference.input_pdb in cmd: ['inference.input_pdb=/home/sagemaker-user/RFantibody_partialflow/IL1RAP_5I1A_benchmark_parallel_igdesign/arm_C_beam_no_anchor/_beam_work/input_renumbered.pdb']
    [WARN] rfdiffusion failed:
f_conf.input_pdb)
  File "/home/sagemaker-user/RFantibody_partialflow/src/rfantibody/rfdiffusion/inference/ab_pose.py", line 265, in from_HLT
    pose = HLT_pdb_parser(pdb_path)
  File "/home/sagemaker-user/RFantibody_partialflow/src/rfantibody/rfdiffusion/parsers.py", line 214, in HLT_pdb_parser
    with open(path,'r') as f:
FileNotFoundError: [Errno 2] No such file or directory: '/home/sagemaker-user/RFantibody_partialflow/IL1RAP_5I1A_benchmark_parallel_igdesign/arm_C_beam_no_anchor/_beam_work/input_renumbered.pdb'

Set the environment variable HYDRA_FULL_ERROR=1 for a complete stack trace.

FAILED (rfdiffusion)
    rollout cp=0 parent=-1 child=8: rfdiffusion… [DEBUG run_denovo_round] input_pdb=/home/sagemaker-user/RFantibody_partialflow/IL1RAP_5I1A_benchmark_parallel_igdesign/arm_C_beam_no_anchor/_beam_work/input_renumbered.pdb
[DEBUG run_denovo_round] original_pdb=/home/sagemaker-user/RFantibody_partialflow/IL1RAP_5I1A_benchmark_parallel_igdesign/arm_C_beam_no_anchor/_beam_work/input_renumbered.pdb
[DEBUG] RFdiffusion command:
/home/sagemaker-user/RFantibody_partialflow/.venv/bin/python /home/sagemaker-user/RFantibody_partialflow/src/rfantibody/rfdiffusion/rfdiffusion_inference.py inference.input_pdb=/home/sagemaker-user/RFantibody_partialflow/IL1RAP_5I1A_benchmark_parallel_igdesign/arm_C_beam_no_anchor/_beam_work/input_renumbered.pdb inference.output_prefix=/home/sagemaker-user/RFantibody_partialflow/IL1RAP_5I1A_benchmark_parallel_igdesign/arm_C_beam_no_anchor/_beam_work/cp00_n0008_rfd inference.num_designs=1 inference.ckpt_override_path=/home/sagemaker-user/RFantibody_partialflow/weights/RFdiffusion_Ab.pt 'contigmap.contigs=[H1-25/5-9/H33-51/4-8/H58-98/8-12/H109-121/0 L122-144/9-13/L156-170/5-9/L178-209/7-11/L219-231/0 T232-563]' 'ppi.hotspot_res=[T393,T396,T397,T401,T450,T518]'
[DEBUG] inference.input_pdb in cmd: ['inference.input_pdb=/home/sagemaker-user/RFantibody_partialflow/IL1RAP_5I1A_benchmark_parallel_igdesign/arm_C_beam_no_anchor/_beam_work/input_renumbered.pdb']
    [WARN] rfdiffusion failed:
f_conf.input_pdb)
  File "/home/sagemaker-user/RFantibody_partialflow/src/rfantibody/rfdiffusion/inference/ab_pose.py", line 265, in from_HLT
    pose = HLT_pdb_parser(pdb_path)
  File "/home/sagemaker-user/RFantibody_partialflow/src/rfantibody/rfdiffusion/parsers.py", line 214, in HLT_pdb_parser
    with open(path,'r') as f:
FileNotFoundError: [Errno 2] No such file or directory: '/home/sagemaker-user/RFantibody_partialflow/IL1RAP_5I1A_benchmark_parallel_igdesign/arm_C_beam_no_anchor/_beam_work/input_renumbered.pdb'

Set the environment variable HYDRA_FULL_ERROR=1 for a complete stack trace.

FAILED (rfdiffusion)
    rollout cp=0 parent=-1 child=9: rfdiffusion… [DEBUG run_denovo_round] input_pdb=/home/sagemaker-user/RFantibody_partialflow/IL1RAP_5I1A_benchmark_parallel_igdesign/arm_C_beam_no_anchor/_beam_work/input_renumbered.pdb
[DEBUG run_denovo_round] original_pdb=/home/sagemaker-user/RFantibody_partialflow/IL1RAP_5I1A_benchmark_parallel_igdesign/arm_C_beam_no_anchor/_beam_work/input_renumbered.pdb
[DEBUG] RFdiffusion command:
/home/sagemaker-user/RFantibody_partialflow/.venv/bin/python /home/sagemaker-user/RFantibody_partialflow/src/rfantibody/rfdiffusion/rfdiffusion_inference.py inference.input_pdb=/home/sagemaker-user/RFantibody_partialflow/IL1RAP_5I1A_benchmark_parallel_igdesign/arm_C_beam_no_anchor/_beam_work/input_renumbered.pdb inference.output_prefix=/home/sagemaker-user/RFantibody_partialflow/IL1RAP_5I1A_benchmark_parallel_igdesign/arm_C_beam_no_anchor/_beam_work/cp00_n0009_rfd inference.num_designs=1 inference.ckpt_override_path=/home/sagemaker-user/RFantibody_partialflow/weights/RFdiffusion_Ab.pt 'contigmap.contigs=[H1-25/5-9/H33-51/4-8/H58-98/8-12/H109-121/0 L122-144/9-13/L156-170/5-9/L178-209/7-11/L219-231/0 T232-563]' 'ppi.hotspot_res=[T393,T396,T397,T401,T450,T518]'
[DEBUG] inference.input_pdb in cmd: ['inference.input_pdb=/home/sagemaker-user/RFantibody_partialflow/IL1RAP_5I1A_benchmark_parallel_igdesign/arm_C_beam_no_anchor/_beam_work/input_renumbered.pdb']
    [WARN] rfdiffusion failed:
f_conf.input_pdb)
  File "/home/sagemaker-user/RFantibody_partialflow/src/rfantibody/rfdiffusion/inference/ab_pose.py", line 265, in from_HLT
    pose = HLT_pdb_parser(pdb_path)
  File "/home/sagemaker-user/RFantibody_partialflow/src/rfantibody/rfdiffusion/parsers.py", line 214, in HLT_pdb_parser
    with open(path,'r') as f:
FileNotFoundError: [Errno 2] No such file or directory: '/home/sagemaker-user/RFantibody_partialflow/IL1RAP_5I1A_benchmark_parallel_igdesign/arm_C_beam_no_anchor/_beam_work/input_renumbered.pdb'

Set the environment variable HYDRA_FULL_ERROR=1 for a complete stack trace.

FAILED (rfdiffusion)
    rollout cp=0 parent=-1 child=10: rfdiffusion… [DEBUG run_denovo_round] input_pdb=/home/sagemaker-user/RFantibody_partialflow/IL1RAP_5I1A_benchmark_parallel_igdesign/arm_C_beam_no_anchor/_beam_work/input_renumbered.pdb
[DEBUG run_denovo_round] original_pdb=/home/sagemaker-user/RFantibody_partialflow/IL1RAP_5I1A_benchmark_parallel_igdesign/arm_C_beam_no_anchor/_beam_work/input_renumbered.pdb
[DEBUG] RFdiffusion command:
/home/sagemaker-user/RFantibody_partialflow/.venv/bin/python /home/sagemaker-user/RFantibody_partialflow/src/rfantibody/rfdiffusion/rfdiffusion_inference.py inference.input_pdb=/home/sagemaker-user/RFantibody_partialflow/IL1RAP_5I1A_benchmark_parallel_igdesign/arm_C_beam_no_anchor/_beam_work/input_renumbered.pdb inference.output_prefix=/home/sagemaker-user/RFantibody_partialflow/IL1RAP_5I1A_benchmark_parallel_igdesign/arm_C_beam_no_anchor/_beam_work/cp00_n0010_rfd inference.num_designs=1 inference.ckpt_override_path=/home/sagemaker-user/RFantibody_partialflow/weights/RFdiffusion_Ab.pt 'contigmap.contigs=[H1-25/5-9/H33-51/4-8/H58-98/8-12/H109-121/0 L122-144/9-13/L156-170/5-9/L178-209/7-11/L219-231/0 T232-563]' 'ppi.hotspot_res=[T393,T396,T397,T401,T450,T518]'
[DEBUG] inference.input_pdb in cmd: ['inference.input_pdb=/home/sagemaker-user/RFantibody_partialflow/IL1RAP_5I1A_benchmark_parallel_igdesign/arm_C_beam_no_anchor/_beam_work/input_renumbered.pdb']
    [WARN] rfdiffusion failed:
f_conf.input_pdb)
  File "/home/sagemaker-user/RFantibody_partialflow/src/rfantibody/rfdiffusion/inference/ab_pose.py", line 265, in from_HLT
    pose = HLT_pdb_parser(pdb_path)
  File "/home/sagemaker-user/RFantibody_partialflow/src/rfantibody/rfdiffusion/parsers.py", line 214, in HLT_pdb_parser
    with open(path,'r') as f:
FileNotFoundError: [Errno 2] No such file or directory: '/home/sagemaker-user/RFantibody_partialflow/IL1RAP_5I1A_benchmark_parallel_igdesign/arm_C_beam_no_anchor/_beam_work/input_renumbered.pdb'

Set the environment variable HYDRA_FULL_ERROR=1 for a complete stack trace.

FAILED (rfdiffusion)
    rollout cp=0 parent=-1 child=11: rfdiffusion… [DEBUG run_denovo_round] input_pdb=/home/sagemaker-user/RFantibody_partialflow/IL1RAP_5I1A_benchmark_parallel_igdesign/arm_C_beam_no_anchor/_beam_work/input_renumbered.pdb
[DEBUG run_denovo_round] original_pdb=/home/sagemaker-user/RFantibody_partialflow/IL1RAP_5I1A_benchmark_parallel_igdesign/arm_C_beam_no_anchor/_beam_work/input_renumbered.pdb
[DEBUG] RFdiffusion command:
/home/sagemaker-user/RFantibody_partialflow/.venv/bin/python /home/sagemaker-user/RFantibody_partialflow/src/rfantibody/rfdiffusion/rfdiffusion_inference.py inference.input_pdb=/home/sagemaker-user/RFantibody_partialflow/IL1RAP_5I1A_benchmark_parallel_igdesign/arm_C_beam_no_anchor/_beam_work/input_renumbered.pdb inference.output_prefix=/home/sagemaker-user/RFantibody_partialflow/IL1RAP_5I1A_benchmark_parallel_igdesign/arm_C_beam_no_anchor/_beam_work/cp00_n0011_rfd inference.num_designs=1 inference.ckpt_override_path=/home/sagemaker-user/RFantibody_partialflow/weights/RFdiffusion_Ab.pt 'contigmap.contigs=[H1-25/5-9/H33-51/4-8/H58-98/8-12/H109-121/0 L122-144/9-13/L156-170/5-9/L178-209/7-11/L219-231/0 T232-563]' 'ppi.hotspot_res=[T393,T396,T397,T401,T450,T518]'
[DEBUG] inference.input_pdb in cmd: ['inference.input_pdb=/home/sagemaker-user/RFantibody_partialflow/IL1RAP_5I1A_benchmark_parallel_igdesign/arm_C_beam_no_anchor/_beam_work/input_renumbered.pdb']
    [WARN] rfdiffusion failed:
f_conf.input_pdb)
  File "/home/sagemaker-user/RFantibody_partialflow/src/rfantibody/rfdiffusion/inference/ab_pose.py", line 265, in from_HLT
    pose = HLT_pdb_parser(pdb_path)
  File "/home/sagemaker-user/RFantibody_partialflow/src/rfantibody/rfdiffusion/parsers.py", line 214, in HLT_pdb_parser
    with open(path,'r') as f:
FileNotFoundError: [Errno 2] No such file or directory: '/home/sagemaker-user/RFantibody_partialflow/IL1RAP_5I1A_benchmark_parallel_igdesign/arm_C_beam_no_anchor/_beam_work/input_renumbered.pdb'

Set the environment variable HYDRA_FULL_ERROR=1 for a complete stack trace.

FAILED (rfdiffusion)
    rollout cp=0 parent=-1 child=13: rfdiffusion… [DEBUG run_denovo_round] input_pdb=/home/sagemaker-user/RFantibody_partialflow/IL1RAP_5I1A_benchmark_parallel_igdesign/arm_C_beam_no_anchor/_beam_work/input_renumbered.pdb
[DEBUG run_denovo_round] original_pdb=/home/sagemaker-user/RFantibody_partialflow/IL1RAP_5I1A_benchmark_parallel_igdesign/arm_C_beam_no_anchor/_beam_work/input_renumbered.pdb
[DEBUG] RFdiffusion command:
/home/sagemaker-user/RFantibody_partialflow/.venv/bin/python /home/sagemaker-user/RFantibody_partialflow/src/rfantibody/rfdiffusion/rfdiffusion_inference.py inference.input_pdb=/home/sagemaker-user/RFantibody_partialflow/IL1RAP_5I1A_benchmark_parallel_igdesign/arm_C_beam_no_anchor/_beam_work/input_renumbered.pdb inference.output_prefix=/home/sagemaker-user/RFantibody_partialflow/IL1RAP_5I1A_benchmark_parallel_igdesign/arm_C_beam_no_anchor/_beam_work/cp00_n0013_rfd inference.num_designs=1 inference.ckpt_override_path=/home/sagemaker-user/RFantibody_partialflow/weights/RFdiffusion_Ab.pt 'contigmap.contigs=[H1-25/5-9/H33-51/4-8/H58-98/8-12/H109-121/0 L122-144/9-13/L156-170/5-9/L178-209/7-11/L219-231/0 T232-563]' 'ppi.hotspot_res=[T393,T396,T397,T401,T450,T518]'
[DEBUG] inference.input_pdb in cmd: ['inference.input_pdb=/home/sagemaker-user/RFantibody_partialflow/IL1RAP_5I1A_benchmark_parallel_igdesign/arm_C_beam_no_anchor/_beam_work/input_renumbered.pdb']
    [WARN] rfdiffusion failed:
f_conf.input_pdb)
  File "/home/sagemaker-user/RFantibody_partialflow/src/rfantibody/rfdiffusion/inference/ab_pose.py", line 265, in from_HLT
    pose = HLT_pdb_parser(pdb_path)
  File "/home/sagemaker-user/RFantibody_partialflow/src/rfantibody/rfdiffusion/parsers.py", line 214, in HLT_pdb_parser
    with open(path,'r') as f:
FileNotFoundError: [Errno 2] No such file or directory: '/home/sagemaker-user/RFantibody_partialflow/IL1RAP_5I1A_benchmark_parallel_igdesign/arm_C_beam_no_anchor/_beam_work/input_renumbered.pdb'

Set the environment variable HYDRA_FULL_ERROR=1 for a complete stack trace.

FAILED (rfdiffusion)
    rollout cp=0 parent=-1 child=15: rfdiffusion… [DEBUG run_denovo_round] input_pdb=/home/sagemaker-user/RFantibody_partialflow/IL1RAP_5I1A_benchmark_parallel_igdesign/arm_C_beam_no_anchor/_beam_work/input_renumbered.pdb
[DEBUG run_denovo_round] original_pdb=/home/sagemaker-user/RFantibody_partialflow/IL1RAP_5I1A_benchmark_parallel_igdesign/arm_C_beam_no_anchor/_beam_work/input_renumbered.pdb
[DEBUG] RFdiffusion command:
/home/sagemaker-user/RFantibody_partialflow/.venv/bin/python /home/sagemaker-user/RFantibody_partialflow/src/rfantibody/rfdiffusion/rfdiffusion_inference.py inference.input_pdb=/home/sagemaker-user/RFantibody_partialflow/IL1RAP_5I1A_benchmark_parallel_igdesign/arm_C_beam_no_anchor/_beam_work/input_renumbered.pdb inference.output_prefix=/home/sagemaker-user/RFantibody_partialflow/IL1RAP_5I1A_benchmark_parallel_igdesign/arm_C_beam_no_anchor/_beam_work/cp00_n0015_rfd inference.num_designs=1 inference.ckpt_override_path=/home/sagemaker-user/RFantibody_partialflow/weights/RFdiffusion_Ab.pt 'contigmap.contigs=[H1-25/5-9/H33-51/4-8/H58-98/8-12/H109-121/0 L122-144/9-13/L156-170/5-9/L178-209/7-11/L219-231/0 T232-563]' 'ppi.hotspot_res=[T393,T396,T397,T401,T450,T518]'
[DEBUG] inference.input_pdb in cmd: ['inference.input_pdb=/home/sagemaker-user/RFantibody_partialflow/IL1RAP_5I1A_benchmark_parallel_igdesign/arm_C_beam_no_anchor/_beam_work/input_renumbered.pdb']
    [WARN] rfdiffusion failed:
f_conf.input_pdb)
  File "/home/sagemaker-user/RFantibody_partialflow/src/rfantibody/rfdiffusion/inference/ab_pose.py", line 265, in from_HLT
    pose = HLT_pdb_parser(pdb_path)
  File "/home/sagemaker-user/RFantibody_partialflow/src/rfantibody/rfdiffusion/parsers.py", line 214, in HLT_pdb_parser
    with open(path,'r') as f:
FileNotFoundError: [Errno 2] No such file or directory: '/home/sagemaker-user/RFantibody_partialflow/IL1RAP_5I1A_benchmark_parallel_igdesign/arm_C_beam_no_anchor/_beam_work/input_renumbered.pdb'

Set the environment variable HYDRA_FULL_ERROR=1 for a complete stack trace.

FAILED (rfdiffusion)
    rollout cp=0 parent=-1 child=14: rfdiffusion… [DEBUG run_denovo_round] input_pdb=/home/sagemaker-user/RFantibody_partialflow/IL1RAP_5I1A_benchmark_parallel_igdesign/arm_C_beam_no_anchor/_beam_work/input_renumbered.pdb
[DEBUG run_denovo_round] original_pdb=/home/sagemaker-user/RFantibody_partialflow/IL1RAP_5I1A_benchmark_parallel_igdesign/arm_C_beam_no_anchor/_beam_work/input_renumbered.pdb
[DEBUG] RFdiffusion command:
/home/sagemaker-user/RFantibody_partialflow/.venv/bin/python /home/sagemaker-user/RFantibody_partialflow/src/rfantibody/rfdiffusion/rfdiffusion_inference.py inference.input_pdb=/home/sagemaker-user/RFantibody_partialflow/IL1RAP_5I1A_benchmark_parallel_igdesign/arm_C_beam_no_anchor/_beam_work/input_renumbered.pdb inference.output_prefix=/home/sagemaker-user/RFantibody_partialflow/IL1RAP_5I1A_benchmark_parallel_igdesign/arm_C_beam_no_anchor/_beam_work/cp00_n0014_rfd inference.num_designs=1 inference.ckpt_override_path=/home/sagemaker-user/RFantibody_partialflow/weights/RFdiffusion_Ab.pt 'contigmap.contigs=[H1-25/5-9/H33-51/4-8/H58-98/8-12/H109-121/0 L122-144/9-13/L156-170/5-9/L178-209/7-11/L219-231/0 T232-563]' 'ppi.hotspot_res=[T393,T396,T397,T401,T450,T518]'
[DEBUG] inference.input_pdb in cmd: ['inference.input_pdb=/home/sagemaker-user/RFantibody_partialflow/IL1RAP_5I1A_benchmark_parallel_igdesign/arm_C_beam_no_anchor/_beam_work/input_renumbered.pdb']
    [WARN] rfdiffusion failed:
f_conf.input_pdb)
  File "/home/sagemaker-user/RFantibody_partialflow/src/rfantibody/rfdiffusion/inference/ab_pose.py", line 265, in from_HLT
    pose = HLT_pdb_parser(pdb_path)
  File "/home/sagemaker-user/RFantibody_partialflow/src/rfantibody/rfdiffusion/parsers.py", line 214, in HLT_pdb_parser
    with open(path,'r') as f:
FileNotFoundError: [Errno 2] No such file or directory: '/home/sagemaker-user/RFantibody_partialflow/IL1RAP_5I1A_benchmark_parallel_igdesign/arm_C_beam_no_anchor/_beam_work/input_renumbered.pdb'

Set the environment variable HYDRA_FULL_ERROR=1 for a complete stack trace.

FAILED (rfdiffusion)
    rollout cp=0 parent=-1 child=12: rfdiffusion… [DEBUG run_denovo_round] input_pdb=/home/sagemaker-user/RFantibody_partialflow/IL1RAP_5I1A_benchmark_parallel_igdesign/arm_C_beam_no_anchor/_beam_work/input_renumbered.pdb
[DEBUG run_denovo_round] original_pdb=/home/sagemaker-user/RFantibody_partialflow/IL1RAP_5I1A_benchmark_parallel_igdesign/arm_C_beam_no_anchor/_beam_work/input_renumbered.pdb
[DEBUG] RFdiffusion command:
/home/sagemaker-user/RFantibody_partialflow/.venv/bin/python /home/sagemaker-user/RFantibody_partialflow/src/rfantibody/rfdiffusion/rfdiffusion_inference.py inference.input_pdb=/home/sagemaker-user/RFantibody_partialflow/IL1RAP_5I1A_benchmark_parallel_igdesign/arm_C_beam_no_anchor/_beam_work/input_renumbered.pdb inference.output_prefix=/home/sagemaker-user/RFantibody_partialflow/IL1RAP_5I1A_benchmark_parallel_igdesign/arm_C_beam_no_anchor/_beam_work/cp00_n0012_rfd inference.num_designs=1 inference.ckpt_override_path=/home/sagemaker-user/RFantibody_partialflow/weights/RFdiffusion_Ab.pt 'contigmap.contigs=[H1-25/5-9/H33-51/4-8/H58-98/8-12/H109-121/0 L122-144/9-13/L156-170/5-9/L178-209/7-11/L219-231/0 T232-563]' 'ppi.hotspot_res=[T393,T396,T397,T401,T450,T518]'
[DEBUG] inference.input_pdb in cmd: ['inference.input_pdb=/home/sagemaker-user/RFantibody_partialflow/IL1RAP_5I1A_benchmark_parallel_igdesign/arm_C_beam_no_anchor/_beam_work/input_renumbered.pdb']
    [WARN] rfdiffusion failed:
f_conf.input_pdb)
  File "/home/sagemaker-user/RFantibody_partialflow/src/rfantibody/rfdiffusion/inference/ab_pose.py", line 265, in from_HLT
    pose = HLT_pdb_parser(pdb_path)
  File "/home/sagemaker-user/RFantibody_partialflow/src/rfantibody/rfdiffusion/parsers.py", line 214, in HLT_pdb_parser
    with open(path,'r') as f:
FileNotFoundError: [Errno 2] No such file or directory: '/home/sagemaker-user/RFantibody_partialflow/IL1RAP_5I1A_benchmark_parallel_igdesign/arm_C_beam_no_anchor/_beam_work/input_renumbered.pdb'

Set the environment variable HYDRA_FULL_ERROR=1 for a complete stack trace.

FAILED (rfdiffusion)
    rollout cp=0 parent=-1 child=16: rfdiffusion… [DEBUG run_denovo_round] input_pdb=/home/sagemaker-user/RFantibody_partialflow/IL1RAP_5I1A_benchmark_parallel_igdesign/arm_C_beam_no_anchor/_beam_work/input_renumbered.pdb
[DEBUG run_denovo_round] original_pdb=/home/sagemaker-user/RFantibody_partialflow/IL1RAP_5I1A_benchmark_parallel_igdesign/arm_C_beam_no_anchor/_beam_work/input_renumbered.pdb
[DEBUG] RFdiffusion command:
/home/sagemaker-user/RFantibody_partialflow/.venv/bin/python /home/sagemaker-user/RFantibody_partialflow/src/rfantibody/rfdiffusion/rfdiffusion_inference.py inference.input_pdb=/home/sagemaker-user/RFantibody_partialflow/IL1RAP_5I1A_benchmark_parallel_igdesign/arm_C_beam_no_anchor/_beam_work/input_renumbered.pdb inference.output_prefix=/home/sagemaker-user/RFantibody_partialflow/IL1RAP_5I1A_benchmark_parallel_igdesign/arm_C_beam_no_anchor/_beam_work/cp00_n0016_rfd inference.num_designs=1 inference.ckpt_override_path=/home/sagemaker-user/RFantibody_partialflow/weights/RFdiffusion_Ab.pt 'contigmap.contigs=[H1-25/5-9/H33-51/4-8/H58-98/8-12/H109-121/0 L122-144/9-13/L156-170/5-9/L178-209/7-11/L219-231/0 T232-563]' 'ppi.hotspot_res=[T393,T396,T397,T401,T450,T518]'
[DEBUG] inference.input_pdb in cmd: ['inference.input_pdb=/home/sagemaker-user/RFantibody_partialflow/IL1RAP_5I1A_benchmark_parallel_igdesign/arm_C_beam_no_anchor/_beam_work/input_renumbered.pdb']
    [WARN] rfdiffusion failed:
f_conf.input_pdb)
  File "/home/sagemaker-user/RFantibody_partialflow/src/rfantibody/rfdiffusion/inference/ab_pose.py", line 265, in from_HLT
    pose = HLT_pdb_parser(pdb_path)
  File "/home/sagemaker-user/RFantibody_partialflow/src/rfantibody/rfdiffusion/parsers.py", line 214, in HLT_pdb_parser
    with open(path,'r') as f:
FileNotFoundError: [Errno 2] No such file or directory: '/home/sagemaker-user/RFantibody_partialflow/IL1RAP_5I1A_benchmark_parallel_igdesign/arm_C_beam_no_anchor/_beam_work/input_renumbered.pdb'

Set the environment variable HYDRA_FULL_ERROR=1 for a complete stack trace.

FAILED (rfdiffusion)
    rollout cp=0 parent=-1 child=17: rfdiffusion… [DEBUG run_denovo_round] input_pdb=/home/sagemaker-user/RFantibody_partialflow/IL1RAP_5I1A_benchmark_parallel_igdesign/arm_C_beam_no_anchor/_beam_work/input_renumbered.pdb
[DEBUG run_denovo_round] original_pdb=/home/sagemaker-user/RFantibody_partialflow/IL1RAP_5I1A_benchmark_parallel_igdesign/arm_C_beam_no_anchor/_beam_work/input_renumbered.pdb
[DEBUG] RFdiffusion command:
/home/sagemaker-user/RFantibody_partialflow/.venv/bin/python /home/sagemaker-user/RFantibody_partialflow/src/rfantibody/rfdiffusion/rfdiffusion_inference.py inference.input_pdb=/home/sagemaker-user/RFantibody_partialflow/IL1RAP_5I1A_benchmark_parallel_igdesign/arm_C_beam_no_anchor/_beam_work/input_renumbered.pdb inference.output_prefix=/home/sagemaker-user/RFantibody_partialflow/IL1RAP_5I1A_benchmark_parallel_igdesign/arm_C_beam_no_anchor/_beam_work/cp00_n0017_rfd inference.num_designs=1 inference.ckpt_override_path=/home/sagemaker-user/RFantibody_partialflow/weights/RFdiffusion_Ab.pt 'contigmap.contigs=[H1-25/5-9/H33-51/4-8/H58-98/8-12/H109-121/0 L122-144/9-13/L156-170/5-9/L178-209/7-11/L219-231/0 T232-563]' 'ppi.hotspot_res=[T393,T396,T397,T401,T450,T518]'
[DEBUG] inference.input_pdb in cmd: ['inference.input_pdb=/home/sagemaker-user/RFantibody_partialflow/IL1RAP_5I1A_benchmark_parallel_igdesign/arm_C_beam_no_anchor/_beam_work/input_renumbered.pdb']
    [WARN] rfdiffusion failed:
f_conf.input_pdb)
  File "/home/sagemaker-user/RFantibody_partialflow/src/rfantibody/rfdiffusion/inference/ab_pose.py", line 265, in from_HLT
    pose = HLT_pdb_parser(pdb_path)
  File "/home/sagemaker-user/RFantibody_partialflow/src/rfantibody/rfdiffusion/parsers.py", line 214, in HLT_pdb_parser
    with open(path,'r') as f:
FileNotFoundError: [Errno 2] No such file or directory: '/home/sagemaker-user/RFantibody_partialflow/IL1RAP_5I1A_benchmark_parallel_igdesign/arm_C_beam_no_anchor/_beam_work/input_renumbered.pdb'

Set the environment variable HYDRA_FULL_ERROR=1 for a complete stack trace.

FAILED (rfdiffusion)
    rollout cp=0 parent=-1 child=18: rfdiffusion… [DEBUG run_denovo_round] input_pdb=/home/sagemaker-user/RFantibody_partialflow/IL1RAP_5I1A_benchmark_parallel_igdesign/arm_C_beam_no_anchor/_beam_work/input_renumbered.pdb
[DEBUG run_denovo_round] original_pdb=/home/sagemaker-user/RFantibody_partialflow/IL1RAP_5I1A_benchmark_parallel_igdesign/arm_C_beam_no_anchor/_beam_work/input_renumbered.pdb
[DEBUG] RFdiffusion command:
/home/sagemaker-user/RFantibody_partialflow/.venv/bin/python /home/sagemaker-user/RFantibody_partialflow/src/rfantibody/rfdiffusion/rfdiffusion_inference.py inference.input_pdb=/home/sagemaker-user/RFantibody_partialflow/IL1RAP_5I1A_benchmark_parallel_igdesign/arm_C_beam_no_anchor/_beam_work/input_renumbered.pdb inference.output_prefix=/home/sagemaker-user/RFantibody_partialflow/IL1RAP_5I1A_benchmark_parallel_igdesign/arm_C_beam_no_anchor/_beam_work/cp00_n0018_rfd inference.num_designs=1 inference.ckpt_override_path=/home/sagemaker-user/RFantibody_partialflow/weights/RFdiffusion_Ab.pt 'contigmap.contigs=[H1-25/5-9/H33-51/4-8/H58-98/8-12/H109-121/0 L122-144/9-13/L156-170/5-9/L178-209/7-11/L219-231/0 T232-563]' 'ppi.hotspot_res=[T393,T396,T397,T401,T450,T518]'
[DEBUG] inference.input_pdb in cmd: ['inference.input_pdb=/home/sagemaker-user/RFantibody_partialflow/IL1RAP_5I1A_benchmark_parallel_igdesign/arm_C_beam_no_anchor/_beam_work/input_renumbered.pdb']
    [WARN] rfdiffusion failed:
f_conf.input_pdb)
  File "/home/sagemaker-user/RFantibody_partialflow/src/rfantibody/rfdiffusion/inference/ab_pose.py", line 265, in from_HLT
    pose = HLT_pdb_parser(pdb_path)
  File "/home/sagemaker-user/RFantibody_partialflow/src/rfantibody/rfdiffusion/parsers.py", line 214, in HLT_pdb_parser
    with open(path,'r') as f:
FileNotFoundError: [Errno 2] No such file or directory: '/home/sagemaker-user/RFantibody_partialflow/IL1RAP_5I1A_benchmark_parallel_igdesign/arm_C_beam_no_anchor/_beam_work/input_renumbered.pdb'

Set the environment variable HYDRA_FULL_ERROR=1 for a complete stack trace.

FAILED (rfdiffusion)
    rollout cp=0 parent=-1 child=19: rfdiffusion… [DEBUG run_denovo_round] input_pdb=/home/sagemaker-user/RFantibody_partialflow/IL1RAP_5I1A_benchmark_parallel_igdesign/arm_C_beam_no_anchor/_beam_work/input_renumbered.pdb
[DEBUG run_denovo_round] original_pdb=/home/sagemaker-user/RFantibody_partialflow/IL1RAP_5I1A_benchmark_parallel_igdesign/arm_C_beam_no_anchor/_beam_work/input_renumbered.pdb
[DEBUG] RFdiffusion command:
/home/sagemaker-user/RFantibody_partialflow/.venv/bin/python /home/sagemaker-user/RFantibody_partialflow/src/rfantibody/rfdiffusion/rfdiffusion_inference.py inference.input_pdb=/home/sagemaker-user/RFantibody_partialflow/IL1RAP_5I1A_benchmark_parallel_igdesign/arm_C_beam_no_anchor/_beam_work/input_renumbered.pdb inference.output_prefix=/home/sagemaker-user/RFantibody_partialflow/IL1RAP_5I1A_benchmark_parallel_igdesign/arm_C_beam_no_anchor/_beam_work/cp00_n0019_rfd inference.num_designs=1 inference.ckpt_override_path=/home/sagemaker-user/RFantibody_partialflow/weights/RFdiffusion_Ab.pt 'contigmap.contigs=[H1-25/5-9/H33-51/4-8/H58-98/8-12/H109-121/0 L122-144/9-13/L156-170/5-9/L178-209/7-11/L219-231/0 T232-563]' 'ppi.hotspot_res=[T393,T396,T397,T401,T450,T518]'
[DEBUG] inference.input_pdb in cmd: ['inference.input_pdb=/home/sagemaker-user/RFantibody_partialflow/IL1RAP_5I1A_benchmark_parallel_igdesign/arm_C_beam_no_anchor/_beam_work/input_renumbered.pdb']
    [WARN] rfdiffusion failed:
f_conf.input_pdb)
  File "/home/sagemaker-user/RFantibody_partialflow/src/rfantibody/rfdiffusion/inference/ab_pose.py", line 265, in from_HLT
    pose = HLT_pdb_parser(pdb_path)
  File "/home/sagemaker-user/RFantibody_partialflow/src/rfantibody/rfdiffusion/parsers.py", line 214, in HLT_pdb_parser
    with open(path,'r') as f:
FileNotFoundError: [Errno 2] No such file or directory: '/home/sagemaker-user/RFantibody_partialflow/IL1RAP_5I1A_benchmark_parallel_igdesign/arm_C_beam_no_anchor/_beam_work/input_renumbered.pdb'

Set the environment variable HYDRA_FULL_ERROR=1 for a complete stack trace.

FAILED (rfdiffusion)
    rollout cp=0 parent=-1 child=20: rfdiffusion… [DEBUG run_denovo_round] input_pdb=/home/sagemaker-user/RFantibody_partialflow/IL1RAP_5I1A_benchmark_parallel_igdesign/arm_C_beam_no_anchor/_beam_work/input_renumbered.pdb
[DEBUG run_denovo_round] original_pdb=/home/sagemaker-user/RFantibody_partialflow/IL1RAP_5I1A_benchmark_parallel_igdesign/arm_C_beam_no_anchor/_beam_work/input_renumbered.pdb
[DEBUG] RFdiffusion command:
/home/sagemaker-user/RFantibody_partialflow/.venv/bin/python /home/sagemaker-user/RFantibody_partialflow/src/rfantibody/rfdiffusion/rfdiffusion_inference.py inference.input_pdb=/home/sagemaker-user/RFantibody_partialflow/IL1RAP_5I1A_benchmark_parallel_igdesign/arm_C_beam_no_anchor/_beam_work/input_renumbered.pdb inference.output_prefix=/home/sagemaker-user/RFantibody_partialflow/IL1RAP_5I1A_benchmark_parallel_igdesign/arm_C_beam_no_anchor/_beam_work/cp00_n0020_rfd inference.num_designs=1 inference.ckpt_override_path=/home/sagemaker-user/RFantibody_partialflow/weights/RFdiffusion_Ab.pt 'contigmap.contigs=[H1-25/5-9/H33-51/4-8/H58-98/8-12/H109-121/0 L122-144/9-13/L156-170/5-9/L178-209/7-11/L219-231/0 T232-563]' 'ppi.hotspot_res=[T393,T396,T397,T401,T450,T518]'
[DEBUG] inference.input_pdb in cmd: ['inference.input_pdb=/home/sagemaker-user/RFantibody_partialflow/IL1RAP_5I1A_benchmark_parallel_igdesign/arm_C_beam_no_anchor/_beam_work/input_renumbered.pdb']
    [WARN] rfdiffusion failed:
f_conf.input_pdb)
  File "/home/sagemaker-user/RFantibody_partialflow/src/rfantibody/rfdiffusion/inference/ab_pose.py", line 265, in from_HLT
    pose = HLT_pdb_parser(pdb_path)
  File "/home/sagemaker-user/RFantibody_partialflow/src/rfantibody/rfdiffusion/parsers.py", line 214, in HLT_pdb_parser
    with open(path,'r') as f:
FileNotFoundError: [Errno 2] No such file or directory: '/home/sagemaker-user/RFantibody_partialflow/IL1RAP_5I1A_benchmark_parallel_igdesign/arm_C_beam_no_anchor/_beam_work/input_renumbered.pdb'

Set the environment variable HYDRA_FULL_ERROR=1 for a complete stack trace.

FAILED (rfdiffusion)
    rollout cp=0 parent=-1 child=21: rfdiffusion… [DEBUG run_denovo_round] input_pdb=/home/sagemaker-user/RFantibody_partialflow/IL1RAP_5I1A_benchmark_parallel_igdesign/arm_C_beam_no_anchor/_beam_work/input_renumbered.pdb
[DEBUG run_denovo_round] original_pdb=/home/sagemaker-user/RFantibody_partialflow/IL1RAP_5I1A_benchmark_parallel_igdesign/arm_C_beam_no_anchor/_beam_work/input_renumbered.pdb
[DEBUG] RFdiffusion command:
/home/sagemaker-user/RFantibody_partialflow/.venv/bin/python /home/sagemaker-user/RFantibody_partialflow/src/rfantibody/rfdiffusion/rfdiffusion_inference.py inference.input_pdb=/home/sagemaker-user/RFantibody_partialflow/IL1RAP_5I1A_benchmark_parallel_igdesign/arm_C_beam_no_anchor/_beam_work/input_renumbered.pdb inference.output_prefix=/home/sagemaker-user/RFantibody_partialflow/IL1RAP_5I1A_benchmark_parallel_igdesign/arm_C_beam_no_anchor/_beam_work/cp00_n0021_rfd inference.num_designs=1 inference.ckpt_override_path=/home/sagemaker-user/RFantibody_partialflow/weights/RFdiffusion_Ab.pt 'contigmap.contigs=[H1-25/5-9/H33-51/4-8/H58-98/8-12/H109-121/0 L122-144/9-13/L156-170/5-9/L178-209/7-11/L219-231/0 T232-563]' 'ppi.hotspot_res=[T393,T396,T397,T401,T450,T518]'
[DEBUG] inference.input_pdb in cmd: ['inference.input_pdb=/home/sagemaker-user/RFantibody_partialflow/IL1RAP_5I1A_benchmark_parallel_igdesign/arm_C_beam_no_anchor/_beam_work/input_renumbered.pdb']
    [WARN] rfdiffusion failed:
f_conf.input_pdb)
  File "/home/sagemaker-user/RFantibody_partialflow/src/rfantibody/rfdiffusion/inference/ab_pose.py", line 265, in from_HLT
    pose = HLT_pdb_parser(pdb_path)
  File "/home/sagemaker-user/RFantibody_partialflow/src/rfantibody/rfdiffusion/parsers.py", line 214, in HLT_pdb_parser
    with open(path,'r') as f:
FileNotFoundError: [Errno 2] No such file or directory: '/home/sagemaker-user/RFantibody_partialflow/IL1RAP_5I1A_benchmark_parallel_igdesign/arm_C_beam_no_anchor/_beam_work/input_renumbered.pdb'

Set the environment variable HYDRA_FULL_ERROR=1 for a complete stack trace.

FAILED (rfdiffusion)
    rollout cp=0 parent=-1 child=23: rfdiffusion… [DEBUG run_denovo_round] input_pdb=/home/sagemaker-user/RFantibody_partialflow/IL1RAP_5I1A_benchmark_parallel_igdesign/arm_C_beam_no_anchor/_beam_work/input_renumbered.pdb
[DEBUG run_denovo_round] original_pdb=/home/sagemaker-user/RFantibody_partialflow/IL1RAP_5I1A_benchmark_parallel_igdesign/arm_C_beam_no_anchor/_beam_work/input_renumbered.pdb
[DEBUG] RFdiffusion command:
/home/sagemaker-user/RFantibody_partialflow/.venv/bin/python /home/sagemaker-user/RFantibody_partialflow/src/rfantibody/rfdiffusion/rfdiffusion_inference.py inference.input_pdb=/home/sagemaker-user/RFantibody_partialflow/IL1RAP_5I1A_benchmark_parallel_igdesign/arm_C_beam_no_anchor/_beam_work/input_renumbered.pdb inference.output_prefix=/home/sagemaker-user/RFantibody_partialflow/IL1RAP_5I1A_benchmark_parallel_igdesign/arm_C_beam_no_anchor/_beam_work/cp00_n0023_rfd inference.num_designs=1 inference.ckpt_override_path=/home/sagemaker-user/RFantibody_partialflow/weights/RFdiffusion_Ab.pt 'contigmap.contigs=[H1-25/5-9/H33-51/4-8/H58-98/8-12/H109-121/0 L122-144/9-13/L156-170/5-9/L178-209/7-11/L219-231/0 T232-563]' 'ppi.hotspot_res=[T393,T396,T397,T401,T450,T518]'
[DEBUG] inference.input_pdb in cmd: ['inference.input_pdb=/home/sagemaker-user/RFantibody_partialflow/IL1RAP_5I1A_benchmark_parallel_igdesign/arm_C_beam_no_anchor/_beam_work/input_renumbered.pdb']
    [WARN] rfdiffusion failed:
f_conf.input_pdb)
  File "/home/sagemaker-user/RFantibody_partialflow/src/rfantibody/rfdiffusion/inference/ab_pose.py", line 265, in from_HLT
    pose = HLT_pdb_parser(pdb_path)
  File "/home/sagemaker-user/RFantibody_partialflow/src/rfantibody/rfdiffusion/parsers.py", line 214, in HLT_pdb_parser
    with open(path,'r') as f:
FileNotFoundError: [Errno 2] No such file or directory: '/home/sagemaker-user/RFantibody_partialflow/IL1RAP_5I1A_benchmark_parallel_igdesign/arm_C_beam_no_anchor/_beam_work/input_renumbered.pdb'

Set the environment variable HYDRA_FULL_ERROR=1 for a complete stack trace.

FAILED (rfdiffusion)
    rollout cp=0 parent=-1 child=22: rfdiffusion… [DEBUG run_denovo_round] input_pdb=/home/sagemaker-user/RFantibody_partialflow/IL1RAP_5I1A_benchmark_parallel_igdesign/arm_C_beam_no_anchor/_beam_work/input_renumbered.pdb
[DEBUG run_denovo_round] original_pdb=/home/sagemaker-user/RFantibody_partialflow/IL1RAP_5I1A_benchmark_parallel_igdesign/arm_C_beam_no_anchor/_beam_work/input_renumbered.pdb
[DEBUG] RFdiffusion command:
/home/sagemaker-user/RFantibody_partialflow/.venv/bin/python /home/sagemaker-user/RFantibody_partialflow/src/rfantibody/rfdiffusion/rfdiffusion_inference.py inference.input_pdb=/home/sagemaker-user/RFantibody_partialflow/IL1RAP_5I1A_benchmark_parallel_igdesign/arm_C_beam_no_anchor/_beam_work/input_renumbered.pdb inference.output_prefix=/home/sagemaker-user/RFantibody_partialflow/IL1RAP_5I1A_benchmark_parallel_igdesign/arm_C_beam_no_anchor/_beam_work/cp00_n0022_rfd inference.num_designs=1 inference.ckpt_override_path=/home/sagemaker-user/RFantibody_partialflow/weights/RFdiffusion_Ab.pt 'contigmap.contigs=[H1-25/5-9/H33-51/4-8/H58-98/8-12/H109-121/0 L122-144/9-13/L156-170/5-9/L178-209/7-11/L219-231/0 T232-563]' 'ppi.hotspot_res=[T393,T396,T397,T401,T450,T518]'
[DEBUG] inference.input_pdb in cmd: ['inference.input_pdb=/home/sagemaker-user/RFantibody_partialflow/IL1RAP_5I1A_benchmark_parallel_igdesign/arm_C_beam_no_anchor/_beam_work/input_renumbered.pdb']
    [WARN] rfdiffusion failed:
f_conf.input_pdb)
  File "/home/sagemaker-user/RFantibody_partialflow/src/rfantibody/rfdiffusion/inference/ab_pose.py", line 265, in from_HLT
    pose = HLT_pdb_parser(pdb_path)
  File "/home/sagemaker-user/RFantibody_partialflow/src/rfantibody/rfdiffusion/parsers.py", line 214, in HLT_pdb_parser
    with open(path,'r') as f:
FileNotFoundError: [Errno 2] No such file or directory: '/home/sagemaker-user/RFantibody_partialflow/IL1RAP_5I1A_benchmark_parallel_igdesign/arm_C_beam_no_anchor/_beam_work/input_renumbered.pdb'

Set the environment variable HYDRA_FULL_ERROR=1 for a complete stack trace.

FAILED (rfdiffusion)
    rollout cp=0 parent=-1 child=24: rfdiffusion… [DEBUG run_denovo_round] input_pdb=/home/sagemaker-user/RFantibody_partialflow/IL1RAP_5I1A_benchmark_parallel_igdesign/arm_C_beam_no_anchor/_beam_work/input_renumbered.pdb
[DEBUG run_denovo_round] original_pdb=/home/sagemaker-user/RFantibody_partialflow/IL1RAP_5I1A_benchmark_parallel_igdesign/arm_C_beam_no_anchor/_beam_work/input_renumbered.pdb
[DEBUG] RFdiffusion command:
/home/sagemaker-user/RFantibody_partialflow/.venv/bin/python /home/sagemaker-user/RFantibody_partialflow/src/rfantibody/rfdiffusion/rfdiffusion_inference.py inference.input_pdb=/home/sagemaker-user/RFantibody_partialflow/IL1RAP_5I1A_benchmark_parallel_igdesign/arm_C_beam_no_anchor/_beam_work/input_renumbered.pdb inference.output_prefix=/home/sagemaker-user/RFantibody_partialflow/IL1RAP_5I1A_benchmark_parallel_igdesign/arm_C_beam_no_anchor/_beam_work/cp00_n0024_rfd inference.num_designs=1 inference.ckpt_override_path=/home/sagemaker-user/RFantibody_partialflow/weights/RFdiffusion_Ab.pt 'contigmap.contigs=[H1-25/5-9/H33-51/4-8/H58-98/8-12/H109-121/0 L122-144/9-13/L156-170/5-9/L178-209/7-11/L219-231/0 T232-563]' 'ppi.hotspot_res=[T393,T396,T397,T401,T450,T518]'
[DEBUG] inference.input_pdb in cmd: ['inference.input_pdb=/home/sagemaker-user/RFantibody_partialflow/IL1RAP_5I1A_benchmark_parallel_igdesign/arm_C_beam_no_anchor/_beam_work/input_renumbered.pdb']
    [WARN] rfdiffusion failed:
f_conf.input_pdb)
  File "/home/sagemaker-user/RFantibody_partialflow/src/rfantibody/rfdiffusion/inference/ab_pose.py", line 265, in from_HLT
    pose = HLT_pdb_parser(pdb_path)
  File "/home/sagemaker-user/RFantibody_partialflow/src/rfantibody/rfdiffusion/parsers.py", line 214, in HLT_pdb_parser
    with open(path,'r') as f:
FileNotFoundError: [Errno 2] No such file or directory: '/home/sagemaker-user/RFantibody_partialflow/IL1RAP_5I1A_benchmark_parallel_igdesign/arm_C_beam_no_anchor/_beam_work/input_renumbered.pdb'

Set the environment variable HYDRA_FULL_ERROR=1 for a complete stack trace.

FAILED (rfdiffusion)
    rollout cp=0 parent=-1 child=25: rfdiffusion… [DEBUG run_denovo_round] input_pdb=/home/sagemaker-user/RFantibody_partialflow/IL1RAP_5I1A_benchmark_parallel_igdesign/arm_C_beam_no_anchor/_beam_work/input_renumbered.pdb
[DEBUG run_denovo_round] original_pdb=/home/sagemaker-user/RFantibody_partialflow/IL1RAP_5I1A_benchmark_parallel_igdesign/arm_C_beam_no_anchor/_beam_work/input_renumbered.pdb
[DEBUG] RFdiffusion command:
/home/sagemaker-user/RFantibody_partialflow/.venv/bin/python /home/sagemaker-user/RFantibody_partialflow/src/rfantibody/rfdiffusion/rfdiffusion_inference.py inference.input_pdb=/home/sagemaker-user/RFantibody_partialflow/IL1RAP_5I1A_benchmark_parallel_igdesign/arm_C_beam_no_anchor/_beam_work/input_renumbered.pdb inference.output_prefix=/home/sagemaker-user/RFantibody_partialflow/IL1RAP_5I1A_benchmark_parallel_igdesign/arm_C_beam_no_anchor/_beam_work/cp00_n0025_rfd inference.num_designs=1 inference.ckpt_override_path=/home/sagemaker-user/RFantibody_partialflow/weights/RFdiffusion_Ab.pt 'contigmap.contigs=[H1-25/5-9/H33-51/4-8/H58-98/8-12/H109-121/0 L122-144/9-13/L156-170/5-9/L178-209/7-11/L219-231/0 T232-563]' 'ppi.hotspot_res=[T393,T396,T397,T401,T450,T518]'
[DEBUG] inference.input_pdb in cmd: ['inference.input_pdb=/home/sagemaker-user/RFantibody_partialflow/IL1RAP_5I1A_benchmark_parallel_igdesign/arm_C_beam_no_anchor/_beam_work/input_renumbered.pdb']
    [WARN] rfdiffusion failed:
f_conf.input_pdb)
  File "/home/sagemaker-user/RFantibody_partialflow/src/rfantibody/rfdiffusion/inference/ab_pose.py", line 265, in from_HLT
    pose = HLT_pdb_parser(pdb_path)
  File "/home/sagemaker-user/RFantibody_partialflow/src/rfantibody/rfdiffusion/parsers.py", line 214, in HLT_pdb_parser
    with open(path,'r') as f:
FileNotFoundError: [Errno 2] No such file or directory: '/home/sagemaker-user/RFantibody_partialflow/IL1RAP_5I1A_benchmark_parallel_igdesign/arm_C_beam_no_anchor/_beam_work/input_renumbered.pdb'

Set the environment variable HYDRA_FULL_ERROR=1 for a complete stack trace.

FAILED (rfdiffusion)
    rollout cp=0 parent=-1 child=26: rfdiffusion… [DEBUG run_denovo_round] input_pdb=/home/sagemaker-user/RFantibody_partialflow/IL1RAP_5I1A_benchmark_parallel_igdesign/arm_C_beam_no_anchor/_beam_work/input_renumbered.pdb
[DEBUG run_denovo_round] original_pdb=/home/sagemaker-user/RFantibody_partialflow/IL1RAP_5I1A_benchmark_parallel_igdesign/arm_C_beam_no_anchor/_beam_work/input_renumbered.pdb
[DEBUG] RFdiffusion command:
/home/sagemaker-user/RFantibody_partialflow/.venv/bin/python /home/sagemaker-user/RFantibody_partialflow/src/rfantibody/rfdiffusion/rfdiffusion_inference.py inference.input_pdb=/home/sagemaker-user/RFantibody_partialflow/IL1RAP_5I1A_benchmark_parallel_igdesign/arm_C_beam_no_anchor/_beam_work/input_renumbered.pdb inference.output_prefix=/home/sagemaker-user/RFantibody_partialflow/IL1RAP_5I1A_benchmark_parallel_igdesign/arm_C_beam_no_anchor/_beam_work/cp00_n0026_rfd inference.num_designs=1 inference.ckpt_override_path=/home/sagemaker-user/RFantibody_partialflow/weights/RFdiffusion_Ab.pt 'contigmap.contigs=[H1-25/5-9/H33-51/4-8/H58-98/8-12/H109-121/0 L122-144/9-13/L156-170/5-9/L178-209/7-11/L219-231/0 T232-563]' 'ppi.hotspot_res=[T393,T396,T397,T401,T450,T518]'
[DEBUG] inference.input_pdb in cmd: ['inference.input_pdb=/home/sagemaker-user/RFantibody_partialflow/IL1RAP_5I1A_benchmark_parallel_igdesign/arm_C_beam_no_anchor/_beam_work/input_renumbered.pdb']
    [WARN] rfdiffusion failed:
f_conf.input_pdb)
  File "/home/sagemaker-user/RFantibody_partialflow/src/rfantibody/rfdiffusion/inference/ab_pose.py", line 265, in from_HLT
    pose = HLT_pdb_parser(pdb_path)
  File "/home/sagemaker-user/RFantibody_partialflow/src/rfantibody/rfdiffusion/parsers.py", line 214, in HLT_pdb_parser
    with open(path,'r') as f:
FileNotFoundError: [Errno 2] No such file or directory: '/home/sagemaker-user/RFantibody_partialflow/IL1RAP_5I1A_benchmark_parallel_igdesign/arm_C_beam_no_anchor/_beam_work/input_renumbered.pdb'

Set the environment variable HYDRA_FULL_ERROR=1 for a complete stack trace.

FAILED (rfdiffusion)
    rollout cp=0 parent=-1 child=27: rfdiffusion… [DEBUG run_denovo_round] input_pdb=/home/sagemaker-user/RFantibody_partialflow/IL1RAP_5I1A_benchmark_parallel_igdesign/arm_C_beam_no_anchor/_beam_work/input_renumbered.pdb
[DEBUG run_denovo_round] original_pdb=/home/sagemaker-user/RFantibody_partialflow/IL1RAP_5I1A_benchmark_parallel_igdesign/arm_C_beam_no_anchor/_beam_work/input_renumbered.pdb
[DEBUG] RFdiffusion command:
/home/sagemaker-user/RFantibody_partialflow/.venv/bin/python /home/sagemaker-user/RFantibody_partialflow/src/rfantibody/rfdiffusion/rfdiffusion_inference.py inference.input_pdb=/home/sagemaker-user/RFantibody_partialflow/IL1RAP_5I1A_benchmark_parallel_igdesign/arm_C_beam_no_anchor/_beam_work/input_renumbered.pdb inference.output_prefix=/home/sagemaker-user/RFantibody_partialflow/IL1RAP_5I1A_benchmark_parallel_igdesign/arm_C_beam_no_anchor/_beam_work/cp00_n0027_rfd inference.num_designs=1 inference.ckpt_override_path=/home/sagemaker-user/RFantibody_partialflow/weights/RFdiffusion_Ab.pt 'contigmap.contigs=[H1-25/5-9/H33-51/4-8/H58-98/8-12/H109-121/0 L122-144/9-13/L156-170/5-9/L178-209/7-11/L219-231/0 T232-563]' 'ppi.hotspot_res=[T393,T396,T397,T401,T450,T518]'
[DEBUG] inference.input_pdb in cmd: ['inference.input_pdb=/home/sagemaker-user/RFantibody_partialflow/IL1RAP_5I1A_benchmark_parallel_igdesign/arm_C_beam_no_anchor/_beam_work/input_renumbered.pdb']
    [WARN] rfdiffusion failed:
f_conf.input_pdb)
  File "/home/sagemaker-user/RFantibody_partialflow/src/rfantibody/rfdiffusion/inference/ab_pose.py", line 265, in from_HLT
    pose = HLT_pdb_parser(pdb_path)
  File "/home/sagemaker-user/RFantibody_partialflow/src/rfantibody/rfdiffusion/parsers.py", line 214, in HLT_pdb_parser
    with open(path,'r') as f:
FileNotFoundError: [Errno 2] No such file or directory: '/home/sagemaker-user/RFantibody_partialflow/IL1RAP_5I1A_benchmark_parallel_igdesign/arm_C_beam_no_anchor/_beam_work/input_renumbered.pdb'

Set the environment variable HYDRA_FULL_ERROR=1 for a complete stack trace.

FAILED (rfdiffusion)
    rollout cp=0 parent=-1 child=28: rfdiffusion… [DEBUG run_denovo_round] input_pdb=/home/sagemaker-user/RFantibody_partialflow/IL1RAP_5I1A_benchmark_parallel_igdesign/arm_C_beam_no_anchor/_beam_work/input_renumbered.pdb
[DEBUG run_denovo_round] original_pdb=/home/sagemaker-user/RFantibody_partialflow/IL1RAP_5I1A_benchmark_parallel_igdesign/arm_C_beam_no_anchor/_beam_work/input_renumbered.pdb
[DEBUG] RFdiffusion command:
/home/sagemaker-user/RFantibody_partialflow/.venv/bin/python /home/sagemaker-user/RFantibody_partialflow/src/rfantibody/rfdiffusion/rfdiffusion_inference.py inference.input_pdb=/home/sagemaker-user/RFantibody_partialflow/IL1RAP_5I1A_benchmark_parallel_igdesign/arm_C_beam_no_anchor/_beam_work/input_renumbered.pdb inference.output_prefix=/home/sagemaker-user/RFantibody_partialflow/IL1RAP_5I1A_benchmark_parallel_igdesign/arm_C_beam_no_anchor/_beam_work/cp00_n0028_rfd inference.num_designs=1 inference.ckpt_override_path=/home/sagemaker-user/RFantibody_partialflow/weights/RFdiffusion_Ab.pt 'contigmap.contigs=[H1-25/5-9/H33-51/4-8/H58-98/8-12/H109-121/0 L122-144/9-13/L156-170/5-9/L178-209/7-11/L219-231/0 T232-563]' 'ppi.hotspot_res=[T393,T396,T397,T401,T450,T518]'
[DEBUG] inference.input_pdb in cmd: ['inference.input_pdb=/home/sagemaker-user/RFantibody_partialflow/IL1RAP_5I1A_benchmark_parallel_igdesign/arm_C_beam_no_anchor/_beam_work/input_renumbered.pdb']
    [WARN] rfdiffusion failed:
f_conf.input_pdb)
  File "/home/sagemaker-user/RFantibody_partialflow/src/rfantibody/rfdiffusion/inference/ab_pose.py", line 265, in from_HLT
    pose = HLT_pdb_parser(pdb_path)
  File "/home/sagemaker-user/RFantibody_partialflow/src/rfantibody/rfdiffusion/parsers.py", line 214, in HLT_pdb_parser
    with open(path,'r') as f:
FileNotFoundError: [Errno 2] No such file or directory: '/home/sagemaker-user/RFantibody_partialflow/IL1RAP_5I1A_benchmark_parallel_igdesign/arm_C_beam_no_anchor/_beam_work/input_renumbered.pdb'

Set the environment variable HYDRA_FULL_ERROR=1 for a complete stack trace.

FAILED (rfdiffusion)
    rollout cp=0 parent=-1 child=29: rfdiffusion… [DEBUG run_denovo_round] input_pdb=/home/sagemaker-user/RFantibody_partialflow/IL1RAP_5I1A_benchmark_parallel_igdesign/arm_C_beam_no_anchor/_beam_work/input_renumbered.pdb
[DEBUG run_denovo_round] original_pdb=/home/sagemaker-user/RFantibody_partialflow/IL1RAP_5I1A_benchmark_parallel_igdesign/arm_C_beam_no_anchor/_beam_work/input_renumbered.pdb
[DEBUG] RFdiffusion command:
/home/sagemaker-user/RFantibody_partialflow/.venv/bin/python /home/sagemaker-user/RFantibody_partialflow/src/rfantibody/rfdiffusion/rfdiffusion_inference.py inference.input_pdb=/home/sagemaker-user/RFantibody_partialflow/IL1RAP_5I1A_benchmark_parallel_igdesign/arm_C_beam_no_anchor/_beam_work/input_renumbered.pdb inference.output_prefix=/home/sagemaker-user/RFantibody_partialflow/IL1RAP_5I1A_benchmark_parallel_igdesign/arm_C_beam_no_anchor/_beam_work/cp00_n0029_rfd inference.num_designs=1 inference.ckpt_override_path=/home/sagemaker-user/RFantibody_partialflow/weights/RFdiffusion_Ab.pt 'contigmap.contigs=[H1-25/5-9/H33-51/4-8/H58-98/8-12/H109-121/0 L122-144/9-13/L156-170/5-9/L178-209/7-11/L219-231/0 T232-563]' 'ppi.hotspot_res=[T393,T396,T397,T401,T450,T518]'
[DEBUG] inference.input_pdb in cmd: ['inference.input_pdb=/home/sagemaker-user/RFantibody_partialflow/IL1RAP_5I1A_benchmark_parallel_igdesign/arm_C_beam_no_anchor/_beam_work/input_renumbered.pdb']
    [WARN] rfdiffusion failed:
f_conf.input_pdb)
  File "/home/sagemaker-user/RFantibody_partialflow/src/rfantibody/rfdiffusion/inference/ab_pose.py", line 265, in from_HLT
    pose = HLT_pdb_parser(pdb_path)
  File "/home/sagemaker-user/RFantibody_partialflow/src/rfantibody/rfdiffusion/parsers.py", line 214, in HLT_pdb_parser
    with open(path,'r') as f:
FileNotFoundError: [Errno 2] No such file or directory: '/home/sagemaker-user/RFantibody_partialflow/IL1RAP_5I1A_benchmark_parallel_igdesign/arm_C_beam_no_anchor/_beam_work/input_renumbered.pdb'

Set the environment variable HYDRA_FULL_ERROR=1 for a complete stack trace.

FAILED (rfdiffusion)
    rollout cp=0 parent=-1 child=30: rfdiffusion… [DEBUG run_denovo_round] input_pdb=/home/sagemaker-user/RFantibody_partialflow/IL1RAP_5I1A_benchmark_parallel_igdesign/arm_C_beam_no_anchor/_beam_work/input_renumbered.pdb
[DEBUG run_denovo_round] original_pdb=/home/sagemaker-user/RFantibody_partialflow/IL1RAP_5I1A_benchmark_parallel_igdesign/arm_C_beam_no_anchor/_beam_work/input_renumbered.pdb
[DEBUG] RFdiffusion command:
/home/sagemaker-user/RFantibody_partialflow/.venv/bin/python /home/sagemaker-user/RFantibody_partialflow/src/rfantibody/rfdiffusion/rfdiffusion_inference.py inference.input_pdb=/home/sagemaker-user/RFantibody_partialflow/IL1RAP_5I1A_benchmark_parallel_igdesign/arm_C_beam_no_anchor/_beam_work/input_renumbered.pdb inference.output_prefix=/home/sagemaker-user/RFantibody_partialflow/IL1RAP_5I1A_benchmark_parallel_igdesign/arm_C_beam_no_anchor/_beam_work/cp00_n0030_rfd inference.num_designs=1 inference.ckpt_override_path=/home/sagemaker-user/RFantibody_partialflow/weights/RFdiffusion_Ab.pt 'contigmap.contigs=[H1-25/5-9/H33-51/4-8/H58-98/8-12/H109-121/0 L122-144/9-13/L156-170/5-9/L178-209/7-11/L219-231/0 T232-563]' 'ppi.hotspot_res=[T393,T396,T397,T401,T450,T518]'
[DEBUG] inference.input_pdb in cmd: ['inference.input_pdb=/home/sagemaker-user/RFantibody_partialflow/IL1RAP_5I1A_benchmark_parallel_igdesign/arm_C_beam_no_anchor/_beam_work/input_renumbered.pdb']
    [WARN] rfdiffusion failed:
f_conf.input_pdb)
  File "/home/sagemaker-user/RFantibody_partialflow/src/rfantibody/rfdiffusion/inference/ab_pose.py", line 265, in from_HLT
    pose = HLT_pdb_parser(pdb_path)
  File "/home/sagemaker-user/RFantibody_partialflow/src/rfantibody/rfdiffusion/parsers.py", line 214, in HLT_pdb_parser
    with open(path,'r') as f:
FileNotFoundError: [Errno 2] No such file or directory: '/home/sagemaker-user/RFantibody_partialflow/IL1RAP_5I1A_benchmark_parallel_igdesign/arm_C_beam_no_anchor/_beam_work/input_renumbered.pdb'

Set the environment variable HYDRA_FULL_ERROR=1 for a complete stack trace.

FAILED (rfdiffusion)
    rollout cp=0 parent=-1 child=31: rfdiffusion… [DEBUG run_denovo_round] input_pdb=/home/sagemaker-user/RFantibody_partialflow/IL1RAP_5I1A_benchmark_parallel_igdesign/arm_C_beam_no_anchor/_beam_work/input_renumbered.pdb
[DEBUG run_denovo_round] original_pdb=/home/sagemaker-user/RFantibody_partialflow/IL1RAP_5I1A_benchmark_parallel_igdesign/arm_C_beam_no_anchor/_beam_work/input_renumbered.pdb
[DEBUG] RFdiffusion command:
/home/sagemaker-user/RFantibody_partialflow/.venv/bin/python /home/sagemaker-user/RFantibody_partialflow/src/rfantibody/rfdiffusion/rfdiffusion_inference.py inference.input_pdb=/home/sagemaker-user/RFantibody_partialflow/IL1RAP_5I1A_benchmark_parallel_igdesign/arm_C_beam_no_anchor/_beam_work/input_renumbered.pdb inference.output_prefix=/home/sagemaker-user/RFantibody_partialflow/IL1RAP_5I1A_benchmark_parallel_igdesign/arm_C_beam_no_anchor/_beam_work/cp00_n0031_rfd inference.num_designs=1 inference.ckpt_override_path=/home/sagemaker-user/RFantibody_partialflow/weights/RFdiffusion_Ab.pt 'contigmap.contigs=[H1-25/5-9/H33-51/4-8/H58-98/8-12/H109-121/0 L122-144/9-13/L156-170/5-9/L178-209/7-11/L219-231/0 T232-563]' 'ppi.hotspot_res=[T393,T396,T397,T401,T450,T518]'
[DEBUG] inference.input_pdb in cmd: ['inference.input_pdb=/home/sagemaker-user/RFantibody_partialflow/IL1RAP_5I1A_benchmark_parallel_igdesign/arm_C_beam_no_anchor/_beam_work/input_renumbered.pdb']
    [WARN] rfdiffusion failed:
f_conf.input_pdb)
  File "/home/sagemaker-user/RFantibody_partialflow/src/rfantibody/rfdiffusion/inference/ab_pose.py", line 265, in from_HLT
    pose = HLT_pdb_parser(pdb_path)
  File "/home/sagemaker-user/RFantibody_partialflow/src/rfantibody/rfdiffusion/parsers.py", line 214, in HLT_pdb_parser
    with open(path,'r') as f:
FileNotFoundError: [Errno 2] No such file or directory: '/home/sagemaker-user/RFantibody_partialflow/IL1RAP_5I1A_benchmark_parallel_igdesign/arm_C_beam_no_anchor/_beam_work/input_renumbered.pdb'

Set the environment variable HYDRA_FULL_ERROR=1 for a complete stack trace.

FAILED (rfdiffusion)
    rollout cp=0 parent=-1 child=32: rfdiffusion… [DEBUG run_denovo_round] input_pdb=/home/sagemaker-user/RFantibody_partialflow/IL1RAP_5I1A_benchmark_parallel_igdesign/arm_C_beam_no_anchor/_beam_work/input_renumbered.pdb
[DEBUG run_denovo_round] original_pdb=/home/sagemaker-user/RFantibody_partialflow/IL1RAP_5I1A_benchmark_parallel_igdesign/arm_C_beam_no_anchor/_beam_work/input_renumbered.pdb
[DEBUG] RFdiffusion command:
/home/sagemaker-user/RFantibody_partialflow/.venv/bin/python /home/sagemaker-user/RFantibody_partialflow/src/rfantibody/rfdiffusion/rfdiffusion_inference.py inference.input_pdb=/home/sagemaker-user/RFantibody_partialflow/IL1RAP_5I1A_benchmark_parallel_igdesign/arm_C_beam_no_anchor/_beam_work/input_renumbered.pdb inference.output_prefix=/home/sagemaker-user/RFantibody_partialflow/IL1RAP_5I1A_benchmark_parallel_igdesign/arm_C_beam_no_anchor/_beam_work/cp00_n0032_rfd inference.num_designs=1 inference.ckpt_override_path=/home/sagemaker-user/RFantibody_partialflow/weights/RFdiffusion_Ab.pt 'contigmap.contigs=[H1-25/5-9/H33-51/4-8/H58-98/8-12/H109-121/0 L122-144/9-13/L156-170/5-9/L178-209/7-11/L219-231/0 T232-563]' 'ppi.hotspot_res=[T393,T396,T397,T401,T450,T518]'
[DEBUG] inference.input_pdb in cmd: ['inference.input_pdb=/home/sagemaker-user/RFantibody_partialflow/IL1RAP_5I1A_benchmark_parallel_igdesign/arm_C_beam_no_anchor/_beam_work/input_renumbered.pdb']
    [WARN] rfdiffusion failed:
f_conf.input_pdb)
  File "/home/sagemaker-user/RFantibody_partialflow/src/rfantibody/rfdiffusion/inference/ab_pose.py", line 265, in from_HLT
    pose = HLT_pdb_parser(pdb_path)
  File "/home/sagemaker-user/RFantibody_partialflow/src/rfantibody/rfdiffusion/parsers.py", line 214, in HLT_pdb_parser
    with open(path,'r') as f:
FileNotFoundError: [Errno 2] No such file or directory: '/home/sagemaker-user/RFantibody_partialflow/IL1RAP_5I1A_benchmark_parallel_igdesign/arm_C_beam_no_anchor/_beam_work/input_renumbered.pdb'

Set the environment variable HYDRA_FULL_ERROR=1 for a complete stack trace.

FAILED (rfdiffusion)
    rollout cp=0 parent=-1 child=33: rfdiffusion… [DEBUG run_denovo_round] input_pdb=/home/sagemaker-user/RFantibody_partialflow/IL1RAP_5I1A_benchmark_parallel_igdesign/arm_C_beam_no_anchor/_beam_work/input_renumbered.pdb
[DEBUG run_denovo_round] original_pdb=/home/sagemaker-user/RFantibody_partialflow/IL1RAP_5I1A_benchmark_parallel_igdesign/arm_C_beam_no_anchor/_beam_work/input_renumbered.pdb
[DEBUG] RFdiffusion command:
/home/sagemaker-user/RFantibody_partialflow/.venv/bin/python /home/sagemaker-user/RFantibody_partialflow/src/rfantibody/rfdiffusion/rfdiffusion_inference.py inference.input_pdb=/home/sagemaker-user/RFantibody_partialflow/IL1RAP_5I1A_benchmark_parallel_igdesign/arm_C_beam_no_anchor/_beam_work/input_renumbered.pdb inference.output_prefix=/home/sagemaker-user/RFantibody_partialflow/IL1RAP_5I1A_benchmark_parallel_igdesign/arm_C_beam_no_anchor/_beam_work/cp00_n0033_rfd inference.num_designs=1 inference.ckpt_override_path=/home/sagemaker-user/RFantibody_partialflow/weights/RFdiffusion_Ab.pt 'contigmap.contigs=[H1-25/5-9/H33-51/4-8/H58-98/8-12/H109-121/0 L122-144/9-13/L156-170/5-9/L178-209/7-11/L219-231/0 T232-563]' 'ppi.hotspot_res=[T393,T396,T397,T401,T450,T518]'
[DEBUG] inference.input_pdb in cmd: ['inference.input_pdb=/home/sagemaker-user/RFantibody_partialflow/IL1RAP_5I1A_benchmark_parallel_igdesign/arm_C_beam_no_anchor/_beam_work/input_renumbered.pdb']
    [WARN] rfdiffusion failed:
f_conf.input_pdb)
  File "/home/sagemaker-user/RFantibody_partialflow/src/rfantibody/rfdiffusion/inference/ab_pose.py", line 265, in from_HLT
    pose = HLT_pdb_parser(pdb_path)
  File "/home/sagemaker-user/RFantibody_partialflow/src/rfantibody/rfdiffusion/parsers.py", line 214, in HLT_pdb_parser
    with open(path,'r') as f:
FileNotFoundError: [Errno 2] No such file or directory: '/home/sagemaker-user/RFantibody_partialflow/IL1RAP_5I1A_benchmark_parallel_igdesign/arm_C_beam_no_anchor/_beam_work/input_renumbered.pdb'

Set the environment variable HYDRA_FULL_ERROR=1 for a complete stack trace.

FAILED (rfdiffusion)
    rollout cp=0 parent=-1 child=34: rfdiffusion… [DEBUG run_denovo_round] input_pdb=/home/sagemaker-user/RFantibody_partialflow/IL1RAP_5I1A_benchmark_parallel_igdesign/arm_C_beam_no_anchor/_beam_work/input_renumbered.pdb
[DEBUG run_denovo_round] original_pdb=/home/sagemaker-user/RFantibody_partialflow/IL1RAP_5I1A_benchmark_parallel_igdesign/arm_C_beam_no_anchor/_beam_work/input_renumbered.pdb
[DEBUG] RFdiffusion command:
/home/sagemaker-user/RFantibody_partialflow/.venv/bin/python /home/sagemaker-user/RFantibody_partialflow/src/rfantibody/rfdiffusion/rfdiffusion_inference.py inference.input_pdb=/home/sagemaker-user/RFantibody_partialflow/IL1RAP_5I1A_benchmark_parallel_igdesign/arm_C_beam_no_anchor/_beam_work/input_renumbered.pdb inference.output_prefix=/home/sagemaker-user/RFantibody_partialflow/IL1RAP_5I1A_benchmark_parallel_igdesign/arm_C_beam_no_anchor/_beam_work/cp00_n0034_rfd inference.num_designs=1 inference.ckpt_override_path=/home/sagemaker-user/RFantibody_partialflow/weights/RFdiffusion_Ab.pt 'contigmap.contigs=[H1-25/5-9/H33-51/4-8/H58-98/8-12/H109-121/0 L122-144/9-13/L156-170/5-9/L178-209/7-11/L219-231/0 T232-563]' 'ppi.hotspot_res=[T393,T396,T397,T401,T450,T518]'
[DEBUG] inference.input_pdb in cmd: ['inference.input_pdb=/home/sagemaker-user/RFantibody_partialflow/IL1RAP_5I1A_benchmark_parallel_igdesign/arm_C_beam_no_anchor/_beam_work/input_renumbered.pdb']
    [WARN] rfdiffusion failed:
f_conf.input_pdb)
  File "/home/sagemaker-user/RFantibody_partialflow/src/rfantibody/rfdiffusion/inference/ab_pose.py", line 265, in from_HLT
    pose = HLT_pdb_parser(pdb_path)
  File "/home/sagemaker-user/RFantibody_partialflow/src/rfantibody/rfdiffusion/parsers.py", line 214, in HLT_pdb_parser
    with open(path,'r') as f:
FileNotFoundError: [Errno 2] No such file or directory: '/home/sagemaker-user/RFantibody_partialflow/IL1RAP_5I1A_benchmark_parallel_igdesign/arm_C_beam_no_anchor/_beam_work/input_renumbered.pdb'

Set the environment variable HYDRA_FULL_ERROR=1 for a complete stack trace.

FAILED (rfdiffusion)
    rollout cp=0 parent=-1 child=35: rfdiffusion… [DEBUG run_denovo_round] input_pdb=/home/sagemaker-user/RFantibody_partialflow/IL1RAP_5I1A_benchmark_parallel_igdesign/arm_C_beam_no_anchor/_beam_work/input_renumbered.pdb
[DEBUG run_denovo_round] original_pdb=/home/sagemaker-user/RFantibody_partialflow/IL1RAP_5I1A_benchmark_parallel_igdesign/arm_C_beam_no_anchor/_beam_work/input_renumbered.pdb
[DEBUG] RFdiffusion command:
/home/sagemaker-user/RFantibody_partialflow/.venv/bin/python /home/sagemaker-user/RFantibody_partialflow/src/rfantibody/rfdiffusion/rfdiffusion_inference.py inference.input_pdb=/home/sagemaker-user/RFantibody_partialflow/IL1RAP_5I1A_benchmark_parallel_igdesign/arm_C_beam_no_anchor/_beam_work/input_renumbered.pdb inference.output_prefix=/home/sagemaker-user/RFantibody_partialflow/IL1RAP_5I1A_benchmark_parallel_igdesign/arm_C_beam_no_anchor/_beam_work/cp00_n0035_rfd inference.num_designs=1 inference.ckpt_override_path=/home/sagemaker-user/RFantibody_partialflow/weights/RFdiffusion_Ab.pt 'contigmap.contigs=[H1-25/5-9/H33-51/4-8/H58-98/8-12/H109-121/0 L122-144/9-13/L156-170/5-9/L178-209/7-11/L219-231/0 T232-563]' 'ppi.hotspot_res=[T393,T396,T397,T401,T450,T518]'
[DEBUG] inference.input_pdb in cmd: ['inference.input_pdb=/home/sagemaker-user/RFantibody_partialflow/IL1RAP_5I1A_benchmark_parallel_igdesign/arm_C_beam_no_anchor/_beam_work/input_renumbered.pdb']
    [WARN] rfdiffusion failed:
f_conf.input_pdb)
  File "/home/sagemaker-user/RFantibody_partialflow/src/rfantibody/rfdiffusion/inference/ab_pose.py", line 265, in from_HLT
    pose = HLT_pdb_parser(pdb_path)
  File "/home/sagemaker-user/RFantibody_partialflow/src/rfantibody/rfdiffusion/parsers.py", line 214, in HLT_pdb_parser
    with open(path,'r') as f:
FileNotFoundError: [Errno 2] No such file or directory: '/home/sagemaker-user/RFantibody_partialflow/IL1RAP_5I1A_benchmark_parallel_igdesign/arm_C_beam_no_anchor/_beam_work/input_renumbered.pdb'

Set the environment variable HYDRA_FULL_ERROR=1 for a complete stack trace.

FAILED (rfdiffusion)
    rollout cp=0 parent=-1 child=36: rfdiffusion… [DEBUG run_denovo_round] input_pdb=/home/sagemaker-user/RFantibody_partialflow/IL1RAP_5I1A_benchmark_parallel_igdesign/arm_C_beam_no_anchor/_beam_work/input_renumbered.pdb
[DEBUG run_denovo_round] original_pdb=/home/sagemaker-user/RFantibody_partialflow/IL1RAP_5I1A_benchmark_parallel_igdesign/arm_C_beam_no_anchor/_beam_work/input_renumbered.pdb
[DEBUG] RFdiffusion command:
/home/sagemaker-user/RFantibody_partialflow/.venv/bin/python /home/sagemaker-user/RFantibody_partialflow/src/rfantibody/rfdiffusion/rfdiffusion_inference.py inference.input_pdb=/home/sagemaker-user/RFantibody_partialflow/IL1RAP_5I1A_benchmark_parallel_igdesign/arm_C_beam_no_anchor/_beam_work/input_renumbered.pdb inference.output_prefix=/home/sagemaker-user/RFantibody_partialflow/IL1RAP_5I1A_benchmark_parallel_igdesign/arm_C_beam_no_anchor/_beam_work/cp00_n0036_rfd inference.num_designs=1 inference.ckpt_override_path=/home/sagemaker-user/RFantibody_partialflow/weights/RFdiffusion_Ab.pt 'contigmap.contigs=[H1-25/5-9/H33-51/4-8/H58-98/8-12/H109-121/0 L122-144/9-13/L156-170/5-9/L178-209/7-11/L219-231/0 T232-563]' 'ppi.hotspot_res=[T393,T396,T397,T401,T450,T518]'
[DEBUG] inference.input_pdb in cmd: ['inference.input_pdb=/home/sagemaker-user/RFantibody_partialflow/IL1RAP_5I1A_benchmark_parallel_igdesign/arm_C_beam_no_anchor/_beam_work/input_renumbered.pdb']
    [WARN] rfdiffusion failed:
f_conf.input_pdb)
  File "/home/sagemaker-user/RFantibody_partialflow/src/rfantibody/rfdiffusion/inference/ab_pose.py", line 265, in from_HLT
    pose = HLT_pdb_parser(pdb_path)
  File "/home/sagemaker-user/RFantibody_partialflow/src/rfantibody/rfdiffusion/parsers.py", line 214, in HLT_pdb_parser
    with open(path,'r') as f:
FileNotFoundError: [Errno 2] No such file or directory: '/home/sagemaker-user/RFantibody_partialflow/IL1RAP_5I1A_benchmark_parallel_igdesign/arm_C_beam_no_anchor/_beam_work/input_renumbered.pdb'

Set the environment variable HYDRA_FULL_ERROR=1 for a complete stack trace.

FAILED (rfdiffusion)
    rollout cp=0 parent=-1 child=37: rfdiffusion… [DEBUG run_denovo_round] input_pdb=/home/sagemaker-user/RFantibody_partialflow/IL1RAP_5I1A_benchmark_parallel_igdesign/arm_C_beam_no_anchor/_beam_work/input_renumbered.pdb
[DEBUG run_denovo_round] original_pdb=/home/sagemaker-user/RFantibody_partialflow/IL1RAP_5I1A_benchmark_parallel_igdesign/arm_C_beam_no_anchor/_beam_work/input_renumbered.pdb
[DEBUG] RFdiffusion command:
/home/sagemaker-user/RFantibody_partialflow/.venv/bin/python /home/sagemaker-user/RFantibody_partialflow/src/rfantibody/rfdiffusion/rfdiffusion_inference.py inference.input_pdb=/home/sagemaker-user/RFantibody_partialflow/IL1RAP_5I1A_benchmark_parallel_igdesign/arm_C_beam_no_anchor/_beam_work/input_renumbered.pdb inference.output_prefix=/home/sagemaker-user/RFantibody_partialflow/IL1RAP_5I1A_benchmark_parallel_igdesign/arm_C_beam_no_anchor/_beam_work/cp00_n0037_rfd inference.num_designs=1 inference.ckpt_override_path=/home/sagemaker-user/RFantibody_partialflow/weights/RFdiffusion_Ab.pt 'contigmap.contigs=[H1-25/5-9/H33-51/4-8/H58-98/8-12/H109-121/0 L122-144/9-13/L156-170/5-9/L178-209/7-11/L219-231/0 T232-563]' 'ppi.hotspot_res=[T393,T396,T397,T401,T450,T518]'
[DEBUG] inference.input_pdb in cmd: ['inference.input_pdb=/home/sagemaker-user/RFantibody_partialflow/IL1RAP_5I1A_benchmark_parallel_igdesign/arm_C_beam_no_anchor/_beam_work/input_renumbered.pdb']
    [WARN] rfdiffusion failed:
f_conf.input_pdb)
  File "/home/sagemaker-user/RFantibody_partialflow/src/rfantibody/rfdiffusion/inference/ab_pose.py", line 265, in from_HLT
    pose = HLT_pdb_parser(pdb_path)
  File "/home/sagemaker-user/RFantibody_partialflow/src/rfantibody/rfdiffusion/parsers.py", line 214, in HLT_pdb_parser
    with open(path,'r') as f:
FileNotFoundError: [Errno 2] No such file or directory: '/home/sagemaker-user/RFantibody_partialflow/IL1RAP_5I1A_benchmark_parallel_igdesign/arm_C_beam_no_anchor/_beam_work/input_renumbered.pdb'

Set the environment variable HYDRA_FULL_ERROR=1 for a complete stack trace.

FAILED (rfdiffusion)
    rollout cp=0 parent=-1 child=38: rfdiffusion… [DEBUG run_denovo_round] input_pdb=/home/sagemaker-user/RFantibody_partialflow/IL1RAP_5I1A_benchmark_parallel_igdesign/arm_C_beam_no_anchor/_beam_work/input_renumbered.pdb
[DEBUG run_denovo_round] original_pdb=/home/sagemaker-user/RFantibody_partialflow/IL1RAP_5I1A_benchmark_parallel_igdesign/arm_C_beam_no_anchor/_beam_work/input_renumbered.pdb
[DEBUG] RFdiffusion command:
/home/sagemaker-user/RFantibody_partialflow/.venv/bin/python /home/sagemaker-user/RFantibody_partialflow/src/rfantibody/rfdiffusion/rfdiffusion_inference.py inference.input_pdb=/home/sagemaker-user/RFantibody_partialflow/IL1RAP_5I1A_benchmark_parallel_igdesign/arm_C_beam_no_anchor/_beam_work/input_renumbered.pdb inference.output_prefix=/home/sagemaker-user/RFantibody_partialflow/IL1RAP_5I1A_benchmark_parallel_igdesign/arm_C_beam_no_anchor/_beam_work/cp00_n0038_rfd inference.num_designs=1 inference.ckpt_override_path=/home/sagemaker-user/RFantibody_partialflow/weights/RFdiffusion_Ab.pt 'contigmap.contigs=[H1-25/5-9/H33-51/4-8/H58-98/8-12/H109-121/0 L122-144/9-13/L156-170/5-9/L178-209/7-11/L219-231/0 T232-563]' 'ppi.hotspot_res=[T393,T396,T397,T401,T450,T518]'
[DEBUG] inference.input_pdb in cmd: ['inference.input_pdb=/home/sagemaker-user/RFantibody_partialflow/IL1RAP_5I1A_benchmark_parallel_igdesign/arm_C_beam_no_anchor/_beam_work/input_renumbered.pdb']
    [WARN] rfdiffusion failed:
f_conf.input_pdb)
  File "/home/sagemaker-user/RFantibody_partialflow/src/rfantibody/rfdiffusion/inference/ab_pose.py", line 265, in from_HLT
    pose = HLT_pdb_parser(pdb_path)
  File "/home/sagemaker-user/RFantibody_partialflow/src/rfantibody/rfdiffusion/parsers.py", line 214, in HLT_pdb_parser
    with open(path,'r') as f:
FileNotFoundError: [Errno 2] No such file or directory: '/home/sagemaker-user/RFantibody_partialflow/IL1RAP_5I1A_benchmark_parallel_igdesign/arm_C_beam_no_anchor/_beam_work/input_renumbered.pdb'

Set the environment variable HYDRA_FULL_ERROR=1 for a complete stack trace.

FAILED (rfdiffusion)
    rollout cp=0 parent=-1 child=39: rfdiffusion… [DEBUG run_denovo_round] input_pdb=/home/sagemaker-user/RFantibody_partialflow/IL1RAP_5I1A_benchmark_parallel_igdesign/arm_C_beam_no_anchor/_beam_work/input_renumbered.pdb
[DEBUG run_denovo_round] original_pdb=/home/sagemaker-user/RFantibody_partialflow/IL1RAP_5I1A_benchmark_parallel_igdesign/arm_C_beam_no_anchor/_beam_work/input_renumbered.pdb
[DEBUG] RFdiffusion command:
/home/sagemaker-user/RFantibody_partialflow/.venv/bin/python /home/sagemaker-user/RFantibody_partialflow/src/rfantibody/rfdiffusion/rfdiffusion_inference.py inference.input_pdb=/home/sagemaker-user/RFantibody_partialflow/IL1RAP_5I1A_benchmark_parallel_igdesign/arm_C_beam_no_anchor/_beam_work/input_renumbered.pdb inference.output_prefix=/home/sagemaker-user/RFantibody_partialflow/IL1RAP_5I1A_benchmark_parallel_igdesign/arm_C_beam_no_anchor/_beam_work/cp00_n0039_rfd inference.num_designs=1 inference.ckpt_override_path=/home/sagemaker-user/RFantibody_partialflow/weights/RFdiffusion_Ab.pt 'contigmap.contigs=[H1-25/5-9/H33-51/4-8/H58-98/8-12/H109-121/0 L122-144/9-13/L156-170/5-9/L178-209/7-11/L219-231/0 T232-563]' 'ppi.hotspot_res=[T393,T396,T397,T401,T450,T518]'
[DEBUG] inference.input_pdb in cmd: ['inference.input_pdb=/home/sagemaker-user/RFantibody_partialflow/IL1RAP_5I1A_benchmark_parallel_igdesign/arm_C_beam_no_anchor/_beam_work/input_renumbered.pdb']
    [WARN] rfdiffusion failed:
f_conf.input_pdb)
  File "/home/sagemaker-user/RFantibody_partialflow/src/rfantibody/rfdiffusion/inference/ab_pose.py", line 265, in from_HLT
    pose = HLT_pdb_parser(pdb_path)
  File "/home/sagemaker-user/RFantibody_partialflow/src/rfantibody/rfdiffusion/parsers.py", line 214, in HLT_pdb_parser
    with open(path,'r') as f:
FileNotFoundError: [Errno 2] No such file or directory: '/home/sagemaker-user/RFantibody_partialflow/IL1RAP_5I1A_benchmark_parallel_igdesign/arm_C_beam_no_anchor/_beam_work/input_renumbered.pdb'

Set the environment variable HYDRA_FULL_ERROR=1 for a complete stack trace.

FAILED (rfdiffusion)
    rollout cp=0 parent=-1 child=40: rfdiffusion… [DEBUG run_denovo_round] input_pdb=/home/sagemaker-user/RFantibody_partialflow/IL1RAP_5I1A_benchmark_parallel_igdesign/arm_C_beam_no_anchor/_beam_work/input_renumbered.pdb
[DEBUG run_denovo_round] original_pdb=/home/sagemaker-user/RFantibody_partialflow/IL1RAP_5I1A_benchmark_parallel_igdesign/arm_C_beam_no_anchor/_beam_work/input_renumbered.pdb
[DEBUG] RFdiffusion command:
/home/sagemaker-user/RFantibody_partialflow/.venv/bin/python /home/sagemaker-user/RFantibody_partialflow/src/rfantibody/rfdiffusion/rfdiffusion_inference.py inference.input_pdb=/home/sagemaker-user/RFantibody_partialflow/IL1RAP_5I1A_benchmark_parallel_igdesign/arm_C_beam_no_anchor/_beam_work/input_renumbered.pdb inference.output_prefix=/home/sagemaker-user/RFantibody_partialflow/IL1RAP_5I1A_benchmark_parallel_igdesign/arm_C_beam_no_anchor/_beam_work/cp00_n0040_rfd inference.num_designs=1 inference.ckpt_override_path=/home/sagemaker-user/RFantibody_partialflow/weights/RFdiffusion_Ab.pt 'contigmap.contigs=[H1-25/5-9/H33-51/4-8/H58-98/8-12/H109-121/0 L122-144/9-13/L156-170/5-9/L178-209/7-11/L219-231/0 T232-563]' 'ppi.hotspot_res=[T393,T396,T397,T401,T450,T518]'
[DEBUG] inference.input_pdb in cmd: ['inference.input_pdb=/home/sagemaker-user/RFantibody_partialflow/IL1RAP_5I1A_benchmark_parallel_igdesign/arm_C_beam_no_anchor/_beam_work/input_renumbered.pdb']
    [WARN] rfdiffusion failed:
f_conf.input_pdb)
  File "/home/sagemaker-user/RFantibody_partialflow/src/rfantibody/rfdiffusion/inference/ab_pose.py", line 265, in from_HLT
    pose = HLT_pdb_parser(pdb_path)
  File "/home/sagemaker-user/RFantibody_partialflow/src/rfantibody/rfdiffusion/parsers.py", line 214, in HLT_pdb_parser
    with open(path,'r') as f:
FileNotFoundError: [Errno 2] No such file or directory: '/home/sagemaker-user/RFantibody_partialflow/IL1RAP_5I1A_benchmark_parallel_igdesign/arm_C_beam_no_anchor/_beam_work/input_renumbered.pdb'

Set the environment variable HYDRA_FULL_ERROR=1 for a complete stack trace.

FAILED (rfdiffusion)
    rollout cp=0 parent=-1 child=41: rfdiffusion… [DEBUG run_denovo_round] input_pdb=/home/sagemaker-user/RFantibody_partialflow/IL1RAP_5I1A_benchmark_parallel_igdesign/arm_C_beam_no_anchor/_beam_work/input_renumbered.pdb
[DEBUG run_denovo_round] original_pdb=/home/sagemaker-user/RFantibody_partialflow/IL1RAP_5I1A_benchmark_parallel_igdesign/arm_C_beam_no_anchor/_beam_work/input_renumbered.pdb
[DEBUG] RFdiffusion command:
/home/sagemaker-user/RFantibody_partialflow/.venv/bin/python /home/sagemaker-user/RFantibody_partialflow/src/rfantibody/rfdiffusion/rfdiffusion_inference.py inference.input_pdb=/home/sagemaker-user/RFantibody_partialflow/IL1RAP_5I1A_benchmark_parallel_igdesign/arm_C_beam_no_anchor/_beam_work/input_renumbered.pdb inference.output_prefix=/home/sagemaker-user/RFantibody_partialflow/IL1RAP_5I1A_benchmark_parallel_igdesign/arm_C_beam_no_anchor/_beam_work/cp00_n0041_rfd inference.num_designs=1 inference.ckpt_override_path=/home/sagemaker-user/RFantibody_partialflow/weights/RFdiffusion_Ab.pt 'contigmap.contigs=[H1-25/5-9/H33-51/4-8/H58-98/8-12/H109-121/0 L122-144/9-13/L156-170/5-9/L178-209/7-11/L219-231/0 T232-563]' 'ppi.hotspot_res=[T393,T396,T397,T401,T450,T518]'
[DEBUG] inference.input_pdb in cmd: ['inference.input_pdb=/home/sagemaker-user/RFantibody_partialflow/IL1RAP_5I1A_benchmark_parallel_igdesign/arm_C_beam_no_anchor/_beam_work/input_renumbered.pdb']
    [WARN] rfdiffusion failed:
f_conf.input_pdb)
  File "/home/sagemaker-user/RFantibody_partialflow/src/rfantibody/rfdiffusion/inference/ab_pose.py", line 265, in from_HLT
    pose = HLT_pdb_parser(pdb_path)
  File "/home/sagemaker-user/RFantibody_partialflow/src/rfantibody/rfdiffusion/parsers.py", line 214, in HLT_pdb_parser
    with open(path,'r') as f:
FileNotFoundError: [Errno 2] No such file or directory: '/home/sagemaker-user/RFantibody_partialflow/IL1RAP_5I1A_benchmark_parallel_igdesign/arm_C_beam_no_anchor/_beam_work/input_renumbered.pdb'

Set the environment variable HYDRA_FULL_ERROR=1 for a complete stack trace.

FAILED (rfdiffusion)
    rollout cp=0 parent=-1 child=42: rfdiffusion… [DEBUG run_denovo_round] input_pdb=/home/sagemaker-user/RFantibody_partialflow/IL1RAP_5I1A_benchmark_parallel_igdesign/arm_C_beam_no_anchor/_beam_work/input_renumbered.pdb
[DEBUG run_denovo_round] original_pdb=/home/sagemaker-user/RFantibody_partialflow/IL1RAP_5I1A_benchmark_parallel_igdesign/arm_C_beam_no_anchor/_beam_work/input_renumbered.pdb
[DEBUG] RFdiffusion command:
/home/sagemaker-user/RFantibody_partialflow/.venv/bin/python /home/sagemaker-user/RFantibody_partialflow/src/rfantibody/rfdiffusion/rfdiffusion_inference.py inference.input_pdb=/home/sagemaker-user/RFantibody_partialflow/IL1RAP_5I1A_benchmark_parallel_igdesign/arm_C_beam_no_anchor/_beam_work/input_renumbered.pdb inference.output_prefix=/home/sagemaker-user/RFantibody_partialflow/IL1RAP_5I1A_benchmark_parallel_igdesign/arm_C_beam_no_anchor/_beam_work/cp00_n0042_rfd inference.num_designs=1 inference.ckpt_override_path=/home/sagemaker-user/RFantibody_partialflow/weights/RFdiffusion_Ab.pt 'contigmap.contigs=[H1-25/5-9/H33-51/4-8/H58-98/8-12/H109-121/0 L122-144/9-13/L156-170/5-9/L178-209/7-11/L219-231/0 T232-563]' 'ppi.hotspot_res=[T393,T396,T397,T401,T450,T518]'
[DEBUG] inference.input_pdb in cmd: ['inference.input_pdb=/home/sagemaker-user/RFantibody_partialflow/IL1RAP_5I1A_benchmark_parallel_igdesign/arm_C_beam_no_anchor/_beam_work/input_renumbered.pdb']
    [WARN] rfdiffusion failed:
f_conf.input_pdb)
  File "/home/sagemaker-user/RFantibody_partialflow/src/rfantibody/rfdiffusion/inference/ab_pose.py", line 265, in from_HLT
    pose = HLT_pdb_parser(pdb_path)
  File "/home/sagemaker-user/RFantibody_partialflow/src/rfantibody/rfdiffusion/parsers.py", line 214, in HLT_pdb_parser
    with open(path,'r') as f:
FileNotFoundError: [Errno 2] No such file or directory: '/home/sagemaker-user/RFantibody_partialflow/IL1RAP_5I1A_benchmark_parallel_igdesign/arm_C_beam_no_anchor/_beam_work/input_renumbered.pdb'

Set the environment variable HYDRA_FULL_ERROR=1 for a complete stack trace.

FAILED (rfdiffusion)
    rollout cp=0 parent=-1 child=43: rfdiffusion… [DEBUG run_denovo_round] input_pdb=/home/sagemaker-user/RFantibody_partialflow/IL1RAP_5I1A_benchmark_parallel_igdesign/arm_C_beam_no_anchor/_beam_work/input_renumbered.pdb
[DEBUG run_denovo_round] original_pdb=/home/sagemaker-user/RFantibody_partialflow/IL1RAP_5I1A_benchmark_parallel_igdesign/arm_C_beam_no_anchor/_beam_work/input_renumbered.pdb
[DEBUG] RFdiffusion command:
/home/sagemaker-user/RFantibody_partialflow/.venv/bin/python /home/sagemaker-user/RFantibody_partialflow/src/rfantibody/rfdiffusion/rfdiffusion_inference.py inference.input_pdb=/home/sagemaker-user/RFantibody_partialflow/IL1RAP_5I1A_benchmark_parallel_igdesign/arm_C_beam_no_anchor/_beam_work/input_renumbered.pdb inference.output_prefix=/home/sagemaker-user/RFantibody_partialflow/IL1RAP_5I1A_benchmark_parallel_igdesign/arm_C_beam_no_anchor/_beam_work/cp00_n0043_rfd inference.num_designs=1 inference.ckpt_override_path=/home/sagemaker-user/RFantibody_partialflow/weights/RFdiffusion_Ab.pt 'contigmap.contigs=[H1-25/5-9/H33-51/4-8/H58-98/8-12/H109-121/0 L122-144/9-13/L156-170/5-9/L178-209/7-11/L219-231/0 T232-563]' 'ppi.hotspot_res=[T393,T396,T397,T401,T450,T518]'
[DEBUG] inference.input_pdb in cmd: ['inference.input_pdb=/home/sagemaker-user/RFantibody_partialflow/IL1RAP_5I1A_benchmark_parallel_igdesign/arm_C_beam_no_anchor/_beam_work/input_renumbered.pdb']
    [WARN] rfdiffusion failed:
f_conf.input_pdb)
  File "/home/sagemaker-user/RFantibody_partialflow/src/rfantibody/rfdiffusion/inference/ab_pose.py", line 265, in from_HLT
    pose = HLT_pdb_parser(pdb_path)
  File "/home/sagemaker-user/RFantibody_partialflow/src/rfantibody/rfdiffusion/parsers.py", line 214, in HLT_pdb_parser
    with open(path,'r') as f:
FileNotFoundError: [Errno 2] No such file or directory: '/home/sagemaker-user/RFantibody_partialflow/IL1RAP_5I1A_benchmark_parallel_igdesign/arm_C_beam_no_anchor/_beam_work/input_renumbered.pdb'

Set the environment variable HYDRA_FULL_ERROR=1 for a complete stack trace.

FAILED (rfdiffusion)
    rollout cp=0 parent=-1 child=44: rfdiffusion… [DEBUG run_denovo_round] input_pdb=/home/sagemaker-user/RFantibody_partialflow/IL1RAP_5I1A_benchmark_parallel_igdesign/arm_C_beam_no_anchor/_beam_work/input_renumbered.pdb
[DEBUG run_denovo_round] original_pdb=/home/sagemaker-user/RFantibody_partialflow/IL1RAP_5I1A_benchmark_parallel_igdesign/arm_C_beam_no_anchor/_beam_work/input_renumbered.pdb
[DEBUG] RFdiffusion command:
/home/sagemaker-user/RFantibody_partialflow/.venv/bin/python /home/sagemaker-user/RFantibody_partialflow/src/rfantibody/rfdiffusion/rfdiffusion_inference.py inference.input_pdb=/home/sagemaker-user/RFantibody_partialflow/IL1RAP_5I1A_benchmark_parallel_igdesign/arm_C_beam_no_anchor/_beam_work/input_renumbered.pdb inference.output_prefix=/home/sagemaker-user/RFantibody_partialflow/IL1RAP_5I1A_benchmark_parallel_igdesign/arm_C_beam_no_anchor/_beam_work/cp00_n0044_rfd inference.num_designs=1 inference.ckpt_override_path=/home/sagemaker-user/RFantibody_partialflow/weights/RFdiffusion_Ab.pt 'contigmap.contigs=[H1-25/5-9/H33-51/4-8/H58-98/8-12/H109-121/0 L122-144/9-13/L156-170/5-9/L178-209/7-11/L219-231/0 T232-563]' 'ppi.hotspot_res=[T393,T396,T397,T401,T450,T518]'
[DEBUG] inference.input_pdb in cmd: ['inference.input_pdb=/home/sagemaker-user/RFantibody_partialflow/IL1RAP_5I1A_benchmark_parallel_igdesign/arm_C_beam_no_anchor/_beam_work/input_renumbered.pdb']
    [WARN] rfdiffusion failed:
f_conf.input_pdb)
  File "/home/sagemaker-user/RFantibody_partialflow/src/rfantibody/rfdiffusion/inference/ab_pose.py", line 265, in from_HLT
    pose = HLT_pdb_parser(pdb_path)
  File "/home/sagemaker-user/RFantibody_partialflow/src/rfantibody/rfdiffusion/parsers.py", line 214, in HLT_pdb_parser
    with open(path,'r') as f:
FileNotFoundError: [Errno 2] No such file or directory: '/home/sagemaker-user/RFantibody_partialflow/IL1RAP_5I1A_benchmark_parallel_igdesign/arm_C_beam_no_anchor/_beam_work/input_renumbered.pdb'

Set the environment variable HYDRA_FULL_ERROR=1 for a complete stack trace.

FAILED (rfdiffusion)
    rollout cp=0 parent=-1 child=45: rfdiffusion… [DEBUG run_denovo_round] input_pdb=/home/sagemaker-user/RFantibody_partialflow/IL1RAP_5I1A_benchmark_parallel_igdesign/arm_C_beam_no_anchor/_beam_work/input_renumbered.pdb
[DEBUG run_denovo_round] original_pdb=/home/sagemaker-user/RFantibody_partialflow/IL1RAP_5I1A_benchmark_parallel_igdesign/arm_C_beam_no_anchor/_beam_work/input_renumbered.pdb
[DEBUG] RFdiffusion command:
/home/sagemaker-user/RFantibody_partialflow/.venv/bin/python /home/sagemaker-user/RFantibody_partialflow/src/rfantibody/rfdiffusion/rfdiffusion_inference.py inference.input_pdb=/home/sagemaker-user/RFantibody_partialflow/IL1RAP_5I1A_benchmark_parallel_igdesign/arm_C_beam_no_anchor/_beam_work/input_renumbered.pdb inference.output_prefix=/home/sagemaker-user/RFantibody_partialflow/IL1RAP_5I1A_benchmark_parallel_igdesign/arm_C_beam_no_anchor/_beam_work/cp00_n0045_rfd inference.num_designs=1 inference.ckpt_override_path=/home/sagemaker-user/RFantibody_partialflow/weights/RFdiffusion_Ab.pt 'contigmap.contigs=[H1-25/5-9/H33-51/4-8/H58-98/8-12/H109-121/0 L122-144/9-13/L156-170/5-9/L178-209/7-11/L219-231/0 T232-563]' 'ppi.hotspot_res=[T393,T396,T397,T401,T450,T518]'
[DEBUG] inference.input_pdb in cmd: ['inference.input_pdb=/home/sagemaker-user/RFantibody_partialflow/IL1RAP_5I1A_benchmark_parallel_igdesign/arm_C_beam_no_anchor/_beam_work/input_renumbered.pdb']
    [WARN] rfdiffusion failed:
f_conf.input_pdb)
  File "/home/sagemaker-user/RFantibody_partialflow/src/rfantibody/rfdiffusion/inference/ab_pose.py", line 265, in from_HLT
    pose = HLT_pdb_parser(pdb_path)
  File "/home/sagemaker-user/RFantibody_partialflow/src/rfantibody/rfdiffusion/parsers.py", line 214, in HLT_pdb_parser
    with open(path,'r') as f:
FileNotFoundError: [Errno 2] No such file or directory: '/home/sagemaker-user/RFantibody_partialflow/IL1RAP_5I1A_benchmark_parallel_igdesign/arm_C_beam_no_anchor/_beam_work/input_renumbered.pdb'

Set the environment variable HYDRA_FULL_ERROR=1 for a complete stack trace.

FAILED (rfdiffusion)
    rollout cp=0 parent=-1 child=46: rfdiffusion… [DEBUG run_denovo_round] input_pdb=/home/sagemaker-user/RFantibody_partialflow/IL1RAP_5I1A_benchmark_parallel_igdesign/arm_C_beam_no_anchor/_beam_work/input_renumbered.pdb
[DEBUG run_denovo_round] original_pdb=/home/sagemaker-user/RFantibody_partialflow/IL1RAP_5I1A_benchmark_parallel_igdesign/arm_C_beam_no_anchor/_beam_work/input_renumbered.pdb
[DEBUG] RFdiffusion command:
/home/sagemaker-user/RFantibody_partialflow/.venv/bin/python /home/sagemaker-user/RFantibody_partialflow/src/rfantibody/rfdiffusion/rfdiffusion_inference.py inference.input_pdb=/home/sagemaker-user/RFantibody_partialflow/IL1RAP_5I1A_benchmark_parallel_igdesign/arm_C_beam_no_anchor/_beam_work/input_renumbered.pdb inference.output_prefix=/home/sagemaker-user/RFantibody_partialflow/IL1RAP_5I1A_benchmark_parallel_igdesign/arm_C_beam_no_anchor/_beam_work/cp00_n0046_rfd inference.num_designs=1 inference.ckpt_override_path=/home/sagemaker-user/RFantibody_partialflow/weights/RFdiffusion_Ab.pt 'contigmap.contigs=[H1-25/5-9/H33-51/4-8/H58-98/8-12/H109-121/0 L122-144/9-13/L156-170/5-9/L178-209/7-11/L219-231/0 T232-563]' 'ppi.hotspot_res=[T393,T396,T397,T401,T450,T518]'
[DEBUG] inference.input_pdb in cmd: ['inference.input_pdb=/home/sagemaker-user/RFantibody_partialflow/IL1RAP_5I1A_benchmark_parallel_igdesign/arm_C_beam_no_anchor/_beam_work/input_renumbered.pdb']
    [WARN] rfdiffusion failed:
f_conf.input_pdb)
  File "/home/sagemaker-user/RFantibody_partialflow/src/rfantibody/rfdiffusion/inference/ab_pose.py", line 265, in from_HLT
    pose = HLT_pdb_parser(pdb_path)
  File "/home/sagemaker-user/RFantibody_partialflow/src/rfantibody/rfdiffusion/parsers.py", line 214, in HLT_pdb_parser
    with open(path,'r') as f:
FileNotFoundError: [Errno 2] No such file or directory: '/home/sagemaker-user/RFantibody_partialflow/IL1RAP_5I1A_benchmark_parallel_igdesign/arm_C_beam_no_anchor/_beam_work/input_renumbered.pdb'

Set the environment variable HYDRA_FULL_ERROR=1 for a complete stack trace.

FAILED (rfdiffusion)
    rollout cp=0 parent=-1 child=47: rfdiffusion… [DEBUG run_denovo_round] input_pdb=/home/sagemaker-user/RFantibody_partialflow/IL1RAP_5I1A_benchmark_parallel_igdesign/arm_C_beam_no_anchor/_beam_work/input_renumbered.pdb
[DEBUG run_denovo_round] original_pdb=/home/sagemaker-user/RFantibody_partialflow/IL1RAP_5I1A_benchmark_parallel_igdesign/arm_C_beam_no_anchor/_beam_work/input_renumbered.pdb
[DEBUG] RFdiffusion command:
/home/sagemaker-user/RFantibody_partialflow/.venv/bin/python /home/sagemaker-user/RFantibody_partialflow/src/rfantibody/rfdiffusion/rfdiffusion_inference.py inference.input_pdb=/home/sagemaker-user/RFantibody_partialflow/IL1RAP_5I1A_benchmark_parallel_igdesign/arm_C_beam_no_anchor/_beam_work/input_renumbered.pdb inference.output_prefix=/home/sagemaker-user/RFantibody_partialflow/IL1RAP_5I1A_benchmark_parallel_igdesign/arm_C_beam_no_anchor/_beam_work/cp00_n0047_rfd inference.num_designs=1 inference.ckpt_override_path=/home/sagemaker-user/RFantibody_partialflow/weights/RFdiffusion_Ab.pt 'contigmap.contigs=[H1-25/5-9/H33-51/4-8/H58-98/8-12/H109-121/0 L122-144/9-13/L156-170/5-9/L178-209/7-11/L219-231/0 T232-563]' 'ppi.hotspot_res=[T393,T396,T397,T401,T450,T518]'
[DEBUG] inference.input_pdb in cmd: ['inference.input_pdb=/home/sagemaker-user/RFantibody_partialflow/IL1RAP_5I1A_benchmark_parallel_igdesign/arm_C_beam_no_anchor/_beam_work/input_renumbered.pdb']
    [WARN] rfdiffusion failed:
f_conf.input_pdb)
  File "/home/sagemaker-user/RFantibody_partialflow/src/rfantibody/rfdiffusion/inference/ab_pose.py", line 265, in from_HLT
    pose = HLT_pdb_parser(pdb_path)
  File "/home/sagemaker-user/RFantibody_partialflow/src/rfantibody/rfdiffusion/parsers.py", line 214, in HLT_pdb_parser
    with open(path,'r') as f:
FileNotFoundError: [Errno 2] No such file or directory: '/home/sagemaker-user/RFantibody_partialflow/IL1RAP_5I1A_benchmark_parallel_igdesign/arm_C_beam_no_anchor/_beam_work/input_renumbered.pdb'

Set the environment variable HYDRA_FULL_ERROR=1 for a complete stack trace.

FAILED (rfdiffusion)
    rollout cp=0 parent=-1 child=48: rfdiffusion… [DEBUG run_denovo_round] input_pdb=/home/sagemaker-user/RFantibody_partialflow/IL1RAP_5I1A_benchmark_parallel_igdesign/arm_C_beam_no_anchor/_beam_work/input_renumbered.pdb
[DEBUG run_denovo_round] original_pdb=/home/sagemaker-user/RFantibody_partialflow/IL1RAP_5I1A_benchmark_parallel_igdesign/arm_C_beam_no_anchor/_beam_work/input_renumbered.pdb
[DEBUG] RFdiffusion command:
/home/sagemaker-user/RFantibody_partialflow/.venv/bin/python /home/sagemaker-user/RFantibody_partialflow/src/rfantibody/rfdiffusion/rfdiffusion_inference.py inference.input_pdb=/home/sagemaker-user/RFantibody_partialflow/IL1RAP_5I1A_benchmark_parallel_igdesign/arm_C_beam_no_anchor/_beam_work/input_renumbered.pdb inference.output_prefix=/home/sagemaker-user/RFantibody_partialflow/IL1RAP_5I1A_benchmark_parallel_igdesign/arm_C_beam_no_anchor/_beam_work/cp00_n0048_rfd inference.num_designs=1 inference.ckpt_override_path=/home/sagemaker-user/RFantibody_partialflow/weights/RFdiffusion_Ab.pt 'contigmap.contigs=[H1-25/5-9/H33-51/4-8/H58-98/8-12/H109-121/0 L122-144/9-13/L156-170/5-9/L178-209/7-11/L219-231/0 T232-563]' 'ppi.hotspot_res=[T393,T396,T397,T401,T450,T518]'
[DEBUG] inference.input_pdb in cmd: ['inference.input_pdb=/home/sagemaker-user/RFantibody_partialflow/IL1RAP_5I1A_benchmark_parallel_igdesign/arm_C_beam_no_anchor/_beam_work/input_renumbered.pdb']
    [WARN] rfdiffusion failed:
f_conf.input_pdb)
  File "/home/sagemaker-user/RFantibody_partialflow/src/rfantibody/rfdiffusion/inference/ab_pose.py", line 265, in from_HLT
    pose = HLT_pdb_parser(pdb_path)
  File "/home/sagemaker-user/RFantibody_partialflow/src/rfantibody/rfdiffusion/parsers.py", line 214, in HLT_pdb_parser
    with open(path,'r') as f:
FileNotFoundError: [Errno 2] No such file or directory: '/home/sagemaker-user/RFantibody_partialflow/IL1RAP_5I1A_benchmark_parallel_igdesign/arm_C_beam_no_anchor/_beam_work/input_renumbered.pdb'

Set the environment variable HYDRA_FULL_ERROR=1 for a complete stack trace.

FAILED (rfdiffusion)
    rollout cp=0 parent=-1 child=49: rfdiffusion… [DEBUG run_denovo_round] input_pdb=/home/sagemaker-user/RFantibody_partialflow/IL1RAP_5I1A_benchmark_parallel_igdesign/arm_C_beam_no_anchor/_beam_work/input_renumbered.pdb
[DEBUG run_denovo_round] original_pdb=/home/sagemaker-user/RFantibody_partialflow/IL1RAP_5I1A_benchmark_parallel_igdesign/arm_C_beam_no_anchor/_beam_work/input_renumbered.pdb
[DEBUG] RFdiffusion command:
/home/sagemaker-user/RFantibody_partialflow/.venv/bin/python /home/sagemaker-user/RFantibody_partialflow/src/rfantibody/rfdiffusion/rfdiffusion_inference.py inference.input_pdb=/home/sagemaker-user/RFantibody_partialflow/IL1RAP_5I1A_benchmark_parallel_igdesign/arm_C_beam_no_anchor/_beam_work/input_renumbered.pdb inference.output_prefix=/home/sagemaker-user/RFantibody_partialflow/IL1RAP_5I1A_benchmark_parallel_igdesign/arm_C_beam_no_anchor/_beam_work/cp00_n0049_rfd inference.num_designs=1 inference.ckpt_override_path=/home/sagemaker-user/RFantibody_partialflow/weights/RFdiffusion_Ab.pt 'contigmap.contigs=[H1-25/5-9/H33-51/4-8/H58-98/8-12/H109-121/0 L122-144/9-13/L156-170/5-9/L178-209/7-11/L219-231/0 T232-563]' 'ppi.hotspot_res=[T393,T396,T397,T401,T450,T518]'
[DEBUG] inference.input_pdb in cmd: ['inference.input_pdb=/home/sagemaker-user/RFantibody_partialflow/IL1RAP_5I1A_benchmark_parallel_igdesign/arm_C_beam_no_anchor/_beam_work/input_renumbered.pdb']
    [WARN] rfdiffusion failed:
f_conf.input_pdb)
  File "/home/sagemaker-user/RFantibody_partialflow/src/rfantibody/rfdiffusion/inference/ab_pose.py", line 265, in from_HLT
    pose = HLT_pdb_parser(pdb_path)
  File "/home/sagemaker-user/RFantibody_partialflow/src/rfantibody/rfdiffusion/parsers.py", line 214, in HLT_pdb_parser
    with open(path,'r') as f:
FileNotFoundError: [Errno 2] No such file or directory: '/home/sagemaker-user/RFantibody_partialflow/IL1RAP_5I1A_benchmark_parallel_igdesign/arm_C_beam_no_anchor/_beam_work/input_renumbered.pdb'

Set the environment variable HYDRA_FULL_ERROR=1 for a complete stack trace.

FAILED (rfdiffusion)
    rollout cp=0 parent=-1 child=50: rfdiffusion… [DEBUG run_denovo_round] input_pdb=/home/sagemaker-user/RFantibody_partialflow/IL1RAP_5I1A_benchmark_parallel_igdesign/arm_C_beam_no_anchor/_beam_work/input_renumbered.pdb
[DEBUG run_denovo_round] original_pdb=/home/sagemaker-user/RFantibody_partialflow/IL1RAP_5I1A_benchmark_parallel_igdesign/arm_C_beam_no_anchor/_beam_work/input_renumbered.pdb
[DEBUG] RFdiffusion command:
/home/sagemaker-user/RFantibody_partialflow/.venv/bin/python /home/sagemaker-user/RFantibody_partialflow/src/rfantibody/rfdiffusion/rfdiffusion_inference.py inference.input_pdb=/home/sagemaker-user/RFantibody_partialflow/IL1RAP_5I1A_benchmark_parallel_igdesign/arm_C_beam_no_anchor/_beam_work/input_renumbered.pdb inference.output_prefix=/home/sagemaker-user/RFantibody_partialflow/IL1RAP_5I1A_benchmark_parallel_igdesign/arm_C_beam_no_anchor/_beam_work/cp00_n0050_rfd inference.num_designs=1 inference.ckpt_override_path=/home/sagemaker-user/RFantibody_partialflow/weights/RFdiffusion_Ab.pt 'contigmap.contigs=[H1-25/5-9/H33-51/4-8/H58-98/8-12/H109-121/0 L122-144/9-13/L156-170/5-9/L178-209/7-11/L219-231/0 T232-563]' 'ppi.hotspot_res=[T393,T396,T397,T401,T450,T518]'
[DEBUG] inference.input_pdb in cmd: ['inference.input_pdb=/home/sagemaker-user/RFantibody_partialflow/IL1RAP_5I1A_benchmark_parallel_igdesign/arm_C_beam_no_anchor/_beam_work/input_renumbered.pdb']
    [WARN] rfdiffusion failed:
f_conf.input_pdb)
  File "/home/sagemaker-user/RFantibody_partialflow/src/rfantibody/rfdiffusion/inference/ab_pose.py", line 265, in from_HLT
    pose = HLT_pdb_parser(pdb_path)
  File "/home/sagemaker-user/RFantibody_partialflow/src/rfantibody/rfdiffusion/parsers.py", line 214, in HLT_pdb_parser
    with open(path,'r') as f:
FileNotFoundError: [Errno 2] No such file or directory: '/home/sagemaker-user/RFantibody_partialflow/IL1RAP_5I1A_benchmark_parallel_igdesign/arm_C_beam_no_anchor/_beam_work/input_renumbered.pdb'

Set the environment variable HYDRA_FULL_ERROR=1 for a complete stack trace.

FAILED (rfdiffusion)
    rollout cp=0 parent=-1 child=51: rfdiffusion… [DEBUG run_denovo_round] input_pdb=/home/sagemaker-user/RFantibody_partialflow/IL1RAP_5I1A_benchmark_parallel_igdesign/arm_C_beam_no_anchor/_beam_work/input_renumbered.pdb
[DEBUG run_denovo_round] original_pdb=/home/sagemaker-user/RFantibody_partialflow/IL1RAP_5I1A_benchmark_parallel_igdesign/arm_C_beam_no_anchor/_beam_work/input_renumbered.pdb
[DEBUG] RFdiffusion command:
/home/sagemaker-user/RFantibody_partialflow/.venv/bin/python /home/sagemaker-user/RFantibody_partialflow/src/rfantibody/rfdiffusion/rfdiffusion_inference.py inference.input_pdb=/home/sagemaker-user/RFantibody_partialflow/IL1RAP_5I1A_benchmark_parallel_igdesign/arm_C_beam_no_anchor/_beam_work/input_renumbered.pdb inference.output_prefix=/home/sagemaker-user/RFantibody_partialflow/IL1RAP_5I1A_benchmark_parallel_igdesign/arm_C_beam_no_anchor/_beam_work/cp00_n0051_rfd inference.num_designs=1 inference.ckpt_override_path=/home/sagemaker-user/RFantibody_partialflow/weights/RFdiffusion_Ab.pt 'contigmap.contigs=[H1-25/5-9/H33-51/4-8/H58-98/8-12/H109-121/0 L122-144/9-13/L156-170/5-9/L178-209/7-11/L219-231/0 T232-563]' 'ppi.hotspot_res=[T393,T396,T397,T401,T450,T518]'
[DEBUG] inference.input_pdb in cmd: ['inference.input_pdb=/home/sagemaker-user/RFantibody_partialflow/IL1RAP_5I1A_benchmark_parallel_igdesign/arm_C_beam_no_anchor/_beam_work/input_renumbered.pdb']
    [WARN] rfdiffusion failed:
f_conf.input_pdb)
  File "/home/sagemaker-user/RFantibody_partialflow/src/rfantibody/rfdiffusion/inference/ab_pose.py", line 265, in from_HLT
    pose = HLT_pdb_parser(pdb_path)
  File "/home/sagemaker-user/RFantibody_partialflow/src/rfantibody/rfdiffusion/parsers.py", line 214, in HLT_pdb_parser
    with open(path,'r') as f:
FileNotFoundError: [Errno 2] No such file or directory: '/home/sagemaker-user/RFantibody_partialflow/IL1RAP_5I1A_benchmark_parallel_igdesign/arm_C_beam_no_anchor/_beam_work/input_renumbered.pdb'

Set the environment variable HYDRA_FULL_ERROR=1 for a complete stack trace.

FAILED (rfdiffusion)
    rollout cp=0 parent=-1 child=52: rfdiffusion… [DEBUG run_denovo_round] input_pdb=/home/sagemaker-user/RFantibody_partialflow/IL1RAP_5I1A_benchmark_parallel_igdesign/arm_C_beam_no_anchor/_beam_work/input_renumbered.pdb
[DEBUG run_denovo_round] original_pdb=/home/sagemaker-user/RFantibody_partialflow/IL1RAP_5I1A_benchmark_parallel_igdesign/arm_C_beam_no_anchor/_beam_work/input_renumbered.pdb
[DEBUG] RFdiffusion command:
/home/sagemaker-user/RFantibody_partialflow/.venv/bin/python /home/sagemaker-user/RFantibody_partialflow/src/rfantibody/rfdiffusion/rfdiffusion_inference.py inference.input_pdb=/home/sagemaker-user/RFantibody_partialflow/IL1RAP_5I1A_benchmark_parallel_igdesign/arm_C_beam_no_anchor/_beam_work/input_renumbered.pdb inference.output_prefix=/home/sagemaker-user/RFantibody_partialflow/IL1RAP_5I1A_benchmark_parallel_igdesign/arm_C_beam_no_anchor/_beam_work/cp00_n0052_rfd inference.num_designs=1 inference.ckpt_override_path=/home/sagemaker-user/RFantibody_partialflow/weights/RFdiffusion_Ab.pt 'contigmap.contigs=[H1-25/5-9/H33-51/4-8/H58-98/8-12/H109-121/0 L122-144/9-13/L156-170/5-9/L178-209/7-11/L219-231/0 T232-563]' 'ppi.hotspot_res=[T393,T396,T397,T401,T450,T518]'
[DEBUG] inference.input_pdb in cmd: ['inference.input_pdb=/home/sagemaker-user/RFantibody_partialflow/IL1RAP_5I1A_benchmark_parallel_igdesign/arm_C_beam_no_anchor/_beam_work/input_renumbered.pdb']
    [WARN] rfdiffusion failed:
f_conf.input_pdb)
  File "/home/sagemaker-user/RFantibody_partialflow/src/rfantibody/rfdiffusion/inference/ab_pose.py", line 265, in from_HLT
    pose = HLT_pdb_parser(pdb_path)
  File "/home/sagemaker-user/RFantibody_partialflow/src/rfantibody/rfdiffusion/parsers.py", line 214, in HLT_pdb_parser
    with open(path,'r') as f:
FileNotFoundError: [Errno 2] No such file or directory: '/home/sagemaker-user/RFantibody_partialflow/IL1RAP_5I1A_benchmark_parallel_igdesign/arm_C_beam_no_anchor/_beam_work/input_renumbered.pdb'

Set the environment variable HYDRA_FULL_ERROR=1 for a complete stack trace.

FAILED (rfdiffusion)
    rollout cp=0 parent=-1 child=53: rfdiffusion… [DEBUG run_denovo_round] input_pdb=/home/sagemaker-user/RFantibody_partialflow/IL1RAP_5I1A_benchmark_parallel_igdesign/arm_C_beam_no_anchor/_beam_work/input_renumbered.pdb
[DEBUG run_denovo_round] original_pdb=/home/sagemaker-user/RFantibody_partialflow/IL1RAP_5I1A_benchmark_parallel_igdesign/arm_C_beam_no_anchor/_beam_work/input_renumbered.pdb
[DEBUG] RFdiffusion command:
/home/sagemaker-user/RFantibody_partialflow/.venv/bin/python /home/sagemaker-user/RFantibody_partialflow/src/rfantibody/rfdiffusion/rfdiffusion_inference.py inference.input_pdb=/home/sagemaker-user/RFantibody_partialflow/IL1RAP_5I1A_benchmark_parallel_igdesign/arm_C_beam_no_anchor/_beam_work/input_renumbered.pdb inference.output_prefix=/home/sagemaker-user/RFantibody_partialflow/IL1RAP_5I1A_benchmark_parallel_igdesign/arm_C_beam_no_anchor/_beam_work/cp00_n0053_rfd inference.num_designs=1 inference.ckpt_override_path=/home/sagemaker-user/RFantibody_partialflow/weights/RFdiffusion_Ab.pt 'contigmap.contigs=[H1-25/5-9/H33-51/4-8/H58-98/8-12/H109-121/0 L122-144/9-13/L156-170/5-9/L178-209/7-11/L219-231/0 T232-563]' 'ppi.hotspot_res=[T393,T396,T397,T401,T450,T518]'
[DEBUG] inference.input_pdb in cmd: ['inference.input_pdb=/home/sagemaker-user/RFantibody_partialflow/IL1RAP_5I1A_benchmark_parallel_igdesign/arm_C_beam_no_anchor/_beam_work/input_renumbered.pdb']
    [WARN] rfdiffusion failed:
f_conf.input_pdb)
  File "/home/sagemaker-user/RFantibody_partialflow/src/rfantibody/rfdiffusion/inference/ab_pose.py", line 265, in from_HLT
    pose = HLT_pdb_parser(pdb_path)
  File "/home/sagemaker-user/RFantibody_partialflow/src/rfantibody/rfdiffusion/parsers.py", line 214, in HLT_pdb_parser
    with open(path,'r') as f:
FileNotFoundError: [Errno 2] No such file or directory: '/home/sagemaker-user/RFantibody_partialflow/IL1RAP_5I1A_benchmark_parallel_igdesign/arm_C_beam_no_anchor/_beam_work/input_renumbered.pdb'

Set the environment variable HYDRA_FULL_ERROR=1 for a complete stack trace.

FAILED (rfdiffusion)
    rollout cp=0 parent=-1 child=54: rfdiffusion… [DEBUG run_denovo_round] input_pdb=/home/sagemaker-user/RFantibody_partialflow/IL1RAP_5I1A_benchmark_parallel_igdesign/arm_C_beam_no_anchor/_beam_work/input_renumbered.pdb
[DEBUG run_denovo_round] original_pdb=/home/sagemaker-user/RFantibody_partialflow/IL1RAP_5I1A_benchmark_parallel_igdesign/arm_C_beam_no_anchor/_beam_work/input_renumbered.pdb
[DEBUG] RFdiffusion command:
/home/sagemaker-user/RFantibody_partialflow/.venv/bin/python /home/sagemaker-user/RFantibody_partialflow/src/rfantibody/rfdiffusion/rfdiffusion_inference.py inference.input_pdb=/home/sagemaker-user/RFantibody_partialflow/IL1RAP_5I1A_benchmark_parallel_igdesign/arm_C_beam_no_anchor/_beam_work/input_renumbered.pdb inference.output_prefix=/home/sagemaker-user/RFantibody_partialflow/IL1RAP_5I1A_benchmark_parallel_igdesign/arm_C_beam_no_anchor/_beam_work/cp00_n0054_rfd inference.num_designs=1 inference.ckpt_override_path=/home/sagemaker-user/RFantibody_partialflow/weights/RFdiffusion_Ab.pt 'contigmap.contigs=[H1-25/5-9/H33-51/4-8/H58-98/8-12/H109-121/0 L122-144/9-13/L156-170/5-9/L178-209/7-11/L219-231/0 T232-563]' 'ppi.hotspot_res=[T393,T396,T397,T401,T450,T518]'
[DEBUG] inference.input_pdb in cmd: ['inference.input_pdb=/home/sagemaker-user/RFantibody_partialflow/IL1RAP_5I1A_benchmark_parallel_igdesign/arm_C_beam_no_anchor/_beam_work/input_renumbered.pdb']
    [WARN] rfdiffusion failed:
f_conf.input_pdb)
  File "/home/sagemaker-user/RFantibody_partialflow/src/rfantibody/rfdiffusion/inference/ab_pose.py", line 265, in from_HLT
    pose = HLT_pdb_parser(pdb_path)
  File "/home/sagemaker-user/RFantibody_partialflow/src/rfantibody/rfdiffusion/parsers.py", line 214, in HLT_pdb_parser
    with open(path,'r') as f:
FileNotFoundError: [Errno 2] No such file or directory: '/home/sagemaker-user/RFantibody_partialflow/IL1RAP_5I1A_benchmark_parallel_igdesign/arm_C_beam_no_anchor/_beam_work/input_renumbered.pdb'

Set the environment variable HYDRA_FULL_ERROR=1 for a complete stack trace.

FAILED (rfdiffusion)
    rollout cp=0 parent=-1 child=55: rfdiffusion… [DEBUG run_denovo_round] input_pdb=/home/sagemaker-user/RFantibody_partialflow/IL1RAP_5I1A_benchmark_parallel_igdesign/arm_C_beam_no_anchor/_beam_work/input_renumbered.pdb
[DEBUG run_denovo_round] original_pdb=/home/sagemaker-user/RFantibody_partialflow/IL1RAP_5I1A_benchmark_parallel_igdesign/arm_C_beam_no_anchor/_beam_work/input_renumbered.pdb
[DEBUG] RFdiffusion command:
/home/sagemaker-user/RFantibody_partialflow/.venv/bin/python /home/sagemaker-user/RFantibody_partialflow/src/rfantibody/rfdiffusion/rfdiffusion_inference.py inference.input_pdb=/home/sagemaker-user/RFantibody_partialflow/IL1RAP_5I1A_benchmark_parallel_igdesign/arm_C_beam_no_anchor/_beam_work/input_renumbered.pdb inference.output_prefix=/home/sagemaker-user/RFantibody_partialflow/IL1RAP_5I1A_benchmark_parallel_igdesign/arm_C_beam_no_anchor/_beam_work/cp00_n0055_rfd inference.num_designs=1 inference.ckpt_override_path=/home/sagemaker-user/RFantibody_partialflow/weights/RFdiffusion_Ab.pt 'contigmap.contigs=[H1-25/5-9/H33-51/4-8/H58-98/8-12/H109-121/0 L122-144/9-13/L156-170/5-9/L178-209/7-11/L219-231/0 T232-563]' 'ppi.hotspot_res=[T393,T396,T397,T401,T450,T518]'
[DEBUG] inference.input_pdb in cmd: ['inference.input_pdb=/home/sagemaker-user/RFantibody_partialflow/IL1RAP_5I1A_benchmark_parallel_igdesign/arm_C_beam_no_anchor/_beam_work/input_renumbered.pdb']
    [WARN] rfdiffusion failed:
f_conf.input_pdb)
  File "/home/sagemaker-user/RFantibody_partialflow/src/rfantibody/rfdiffusion/inference/ab_pose.py", line 265, in from_HLT
    pose = HLT_pdb_parser(pdb_path)
  File "/home/sagemaker-user/RFantibody_partialflow/src/rfantibody/rfdiffusion/parsers.py", line 214, in HLT_pdb_parser
    with open(path,'r') as f:
FileNotFoundError: [Errno 2] No such file or directory: '/home/sagemaker-user/RFantibody_partialflow/IL1RAP_5I1A_benchmark_parallel_igdesign/arm_C_beam_no_anchor/_beam_work/input_renumbered.pdb'

Set the environment variable HYDRA_FULL_ERROR=1 for a complete stack trace.

FAILED (rfdiffusion)
    rollout cp=0 parent=-1 child=56: rfdiffusion… [DEBUG run_denovo_round] input_pdb=/home/sagemaker-user/RFantibody_partialflow/IL1RAP_5I1A_benchmark_parallel_igdesign/arm_C_beam_no_anchor/_beam_work/input_renumbered.pdb
[DEBUG run_denovo_round] original_pdb=/home/sagemaker-user/RFantibody_partialflow/IL1RAP_5I1A_benchmark_parallel_igdesign/arm_C_beam_no_anchor/_beam_work/input_renumbered.pdb
[DEBUG] RFdiffusion command:
/home/sagemaker-user/RFantibody_partialflow/.venv/bin/python /home/sagemaker-user/RFantibody_partialflow/src/rfantibody/rfdiffusion/rfdiffusion_inference.py inference.input_pdb=/home/sagemaker-user/RFantibody_partialflow/IL1RAP_5I1A_benchmark_parallel_igdesign/arm_C_beam_no_anchor/_beam_work/input_renumbered.pdb inference.output_prefix=/home/sagemaker-user/RFantibody_partialflow/IL1RAP_5I1A_benchmark_parallel_igdesign/arm_C_beam_no_anchor/_beam_work/cp00_n0056_rfd inference.num_designs=1 inference.ckpt_override_path=/home/sagemaker-user/RFantibody_partialflow/weights/RFdiffusion_Ab.pt 'contigmap.contigs=[H1-25/5-9/H33-51/4-8/H58-98/8-12/H109-121/0 L122-144/9-13/L156-170/5-9/L178-209/7-11/L219-231/0 T232-563]' 'ppi.hotspot_res=[T393,T396,T397,T401,T450,T518]'
[DEBUG] inference.input_pdb in cmd: ['inference.input_pdb=/home/sagemaker-user/RFantibody_partialflow/IL1RAP_5I1A_benchmark_parallel_igdesign/arm_C_beam_no_anchor/_beam_work/input_renumbered.pdb']
    [WARN] rfdiffusion failed:
f_conf.input_pdb)
  File "/home/sagemaker-user/RFantibody_partialflow/src/rfantibody/rfdiffusion/inference/ab_pose.py", line 265, in from_HLT
    pose = HLT_pdb_parser(pdb_path)
  File "/home/sagemaker-user/RFantibody_partialflow/src/rfantibody/rfdiffusion/parsers.py", line 214, in HLT_pdb_parser
    with open(path,'r') as f:
FileNotFoundError: [Errno 2] No such file or directory: '/home/sagemaker-user/RFantibody_partialflow/IL1RAP_5I1A_benchmark_parallel_igdesign/arm_C_beam_no_anchor/_beam_work/input_renumbered.pdb'

Set the environment variable HYDRA_FULL_ERROR=1 for a complete stack trace.

FAILED (rfdiffusion)
    rollout cp=0 parent=-1 child=57: rfdiffusion… [DEBUG run_denovo_round] input_pdb=/home/sagemaker-user/RFantibody_partialflow/IL1RAP_5I1A_benchmark_parallel_igdesign/arm_C_beam_no_anchor/_beam_work/input_renumbered.pdb
[DEBUG run_denovo_round] original_pdb=/home/sagemaker-user/RFantibody_partialflow/IL1RAP_5I1A_benchmark_parallel_igdesign/arm_C_beam_no_anchor/_beam_work/input_renumbered.pdb
[DEBUG] RFdiffusion command:
/home/sagemaker-user/RFantibody_partialflow/.venv/bin/python /home/sagemaker-user/RFantibody_partialflow/src/rfantibody/rfdiffusion/rfdiffusion_inference.py inference.input_pdb=/home/sagemaker-user/RFantibody_partialflow/IL1RAP_5I1A_benchmark_parallel_igdesign/arm_C_beam_no_anchor/_beam_work/input_renumbered.pdb inference.output_prefix=/home/sagemaker-user/RFantibody_partialflow/IL1RAP_5I1A_benchmark_parallel_igdesign/arm_C_beam_no_anchor/_beam_work/cp00_n0057_rfd inference.num_designs=1 inference.ckpt_override_path=/home/sagemaker-user/RFantibody_partialflow/weights/RFdiffusion_Ab.pt 'contigmap.contigs=[H1-25/5-9/H33-51/4-8/H58-98/8-12/H109-121/0 L122-144/9-13/L156-170/5-9/L178-209/7-11/L219-231/0 T232-563]' 'ppi.hotspot_res=[T393,T396,T397,T401,T450,T518]'
[DEBUG] inference.input_pdb in cmd: ['inference.input_pdb=/home/sagemaker-user/RFantibody_partialflow/IL1RAP_5I1A_benchmark_parallel_igdesign/arm_C_beam_no_anchor/_beam_work/input_renumbered.pdb']
    [WARN] rfdiffusion failed:
f_conf.input_pdb)
  File "/home/sagemaker-user/RFantibody_partialflow/src/rfantibody/rfdiffusion/inference/ab_pose.py", line 265, in from_HLT
    pose = HLT_pdb_parser(pdb_path)
  File "/home/sagemaker-user/RFantibody_partialflow/src/rfantibody/rfdiffusion/parsers.py", line 214, in HLT_pdb_parser
    with open(path,'r') as f:
FileNotFoundError: [Errno 2] No such file or directory: '/home/sagemaker-user/RFantibody_partialflow/IL1RAP_5I1A_benchmark_parallel_igdesign/arm_C_beam_no_anchor/_beam_work/input_renumbered.pdb'

Set the environment variable HYDRA_FULL_ERROR=1 for a complete stack trace.

FAILED (rfdiffusion)
    rollout cp=0 parent=-1 child=58: rfdiffusion… [DEBUG run_denovo_round] input_pdb=/home/sagemaker-user/RFantibody_partialflow/IL1RAP_5I1A_benchmark_parallel_igdesign/arm_C_beam_no_anchor/_beam_work/input_renumbered.pdb
[DEBUG run_denovo_round] original_pdb=/home/sagemaker-user/RFantibody_partialflow/IL1RAP_5I1A_benchmark_parallel_igdesign/arm_C_beam_no_anchor/_beam_work/input_renumbered.pdb
[DEBUG] RFdiffusion command:
/home/sagemaker-user/RFantibody_partialflow/.venv/bin/python /home/sagemaker-user/RFantibody_partialflow/src/rfantibody/rfdiffusion/rfdiffusion_inference.py inference.input_pdb=/home/sagemaker-user/RFantibody_partialflow/IL1RAP_5I1A_benchmark_parallel_igdesign/arm_C_beam_no_anchor/_beam_work/input_renumbered.pdb inference.output_prefix=/home/sagemaker-user/RFantibody_partialflow/IL1RAP_5I1A_benchmark_parallel_igdesign/arm_C_beam_no_anchor/_beam_work/cp00_n0058_rfd inference.num_designs=1 inference.ckpt_override_path=/home/sagemaker-user/RFantibody_partialflow/weights/RFdiffusion_Ab.pt 'contigmap.contigs=[H1-25/5-9/H33-51/4-8/H58-98/8-12/H109-121/0 L122-144/9-13/L156-170/5-9/L178-209/7-11/L219-231/0 T232-563]' 'ppi.hotspot_res=[T393,T396,T397,T401,T450,T518]'
[DEBUG] inference.input_pdb in cmd: ['inference.input_pdb=/home/sagemaker-user/RFantibody_partialflow/IL1RAP_5I1A_benchmark_parallel_igdesign/arm_C_beam_no_anchor/_beam_work/input_renumbered.pdb']
    [WARN] rfdiffusion failed:
f_conf.input_pdb)
  File "/home/sagemaker-user/RFantibody_partialflow/src/rfantibody/rfdiffusion/inference/ab_pose.py", line 265, in from_HLT
    pose = HLT_pdb_parser(pdb_path)
  File "/home/sagemaker-user/RFantibody_partialflow/src/rfantibody/rfdiffusion/parsers.py", line 214, in HLT_pdb_parser
    with open(path,'r') as f:
FileNotFoundError: [Errno 2] No such file or directory: '/home/sagemaker-user/RFantibody_partialflow/IL1RAP_5I1A_benchmark_parallel_igdesign/arm_C_beam_no_anchor/_beam_work/input_renumbered.pdb'

Set the environment variable HYDRA_FULL_ERROR=1 for a complete stack trace.

FAILED (rfdiffusion)
    rollout cp=0 parent=-1 child=59: rfdiffusion… [DEBUG run_denovo_round] input_pdb=/home/sagemaker-user/RFantibody_partialflow/IL1RAP_5I1A_benchmark_parallel_igdesign/arm_C_beam_no_anchor/_beam_work/input_renumbered.pdb
[DEBUG run_denovo_round] original_pdb=/home/sagemaker-user/RFantibody_partialflow/IL1RAP_5I1A_benchmark_parallel_igdesign/arm_C_beam_no_anchor/_beam_work/input_renumbered.pdb
[DEBUG] RFdiffusion command:
/home/sagemaker-user/RFantibody_partialflow/.venv/bin/python /home/sagemaker-user/RFantibody_partialflow/src/rfantibody/rfdiffusion/rfdiffusion_inference.py inference.input_pdb=/home/sagemaker-user/RFantibody_partialflow/IL1RAP_5I1A_benchmark_parallel_igdesign/arm_C_beam_no_anchor/_beam_work/input_renumbered.pdb inference.output_prefix=/home/sagemaker-user/RFantibody_partialflow/IL1RAP_5I1A_benchmark_parallel_igdesign/arm_C_beam_no_anchor/_beam_work/cp00_n0059_rfd inference.num_designs=1 inference.ckpt_override_path=/home/sagemaker-user/RFantibody_partialflow/weights/RFdiffusion_Ab.pt 'contigmap.contigs=[H1-25/5-9/H33-51/4-8/H58-98/8-12/H109-121/0 L122-144/9-13/L156-170/5-9/L178-209/7-11/L219-231/0 T232-563]' 'ppi.hotspot_res=[T393,T396,T397,T401,T450,T518]'
[DEBUG] inference.input_pdb in cmd: ['inference.input_pdb=/home/sagemaker-user/RFantibody_partialflow/IL1RAP_5I1A_benchmark_parallel_igdesign/arm_C_beam_no_anchor/_beam_work/input_renumbered.pdb']
    [WARN] rfdiffusion failed:
f_conf.input_pdb)
  File "/home/sagemaker-user/RFantibody_partialflow/src/rfantibody/rfdiffusion/inference/ab_pose.py", line 265, in from_HLT
    pose = HLT_pdb_parser(pdb_path)
  File "/home/sagemaker-user/RFantibody_partialflow/src/rfantibody/rfdiffusion/parsers.py", line 214, in HLT_pdb_parser
    with open(path,'r') as f:
FileNotFoundError: [Errno 2] No such file or directory: '/home/sagemaker-user/RFantibody_partialflow/IL1RAP_5I1A_benchmark_parallel_igdesign/arm_C_beam_no_anchor/_beam_work/input_renumbered.pdb'

Set the environment variable HYDRA_FULL_ERROR=1 for a complete stack trace.

FAILED (rfdiffusion)
    rollout cp=0 parent=-1 child=60: rfdiffusion… [DEBUG run_denovo_round] input_pdb=/home/sagemaker-user/RFantibody_partialflow/IL1RAP_5I1A_benchmark_parallel_igdesign/arm_C_beam_no_anchor/_beam_work/input_renumbered.pdb
[DEBUG run_denovo_round] original_pdb=/home/sagemaker-user/RFantibody_partialflow/IL1RAP_5I1A_benchmark_parallel_igdesign/arm_C_beam_no_anchor/_beam_work/input_renumbered.pdb
[DEBUG] RFdiffusion command:
/home/sagemaker-user/RFantibody_partialflow/.venv/bin/python /home/sagemaker-user/RFantibody_partialflow/src/rfantibody/rfdiffusion/rfdiffusion_inference.py inference.input_pdb=/home/sagemaker-user/RFantibody_partialflow/IL1RAP_5I1A_benchmark_parallel_igdesign/arm_C_beam_no_anchor/_beam_work/input_renumbered.pdb inference.output_prefix=/home/sagemaker-user/RFantibody_partialflow/IL1RAP_5I1A_benchmark_parallel_igdesign/arm_C_beam_no_anchor/_beam_work/cp00_n0060_rfd inference.num_designs=1 inference.ckpt_override_path=/home/sagemaker-user/RFantibody_partialflow/weights/RFdiffusion_Ab.pt 'contigmap.contigs=[H1-25/5-9/H33-51/4-8/H58-98/8-12/H109-121/0 L122-144/9-13/L156-170/5-9/L178-209/7-11/L219-231/0 T232-563]' 'ppi.hotspot_res=[T393,T396,T397,T401,T450,T518]'
[DEBUG] inference.input_pdb in cmd: ['inference.input_pdb=/home/sagemaker-user/RFantibody_partialflow/IL1RAP_5I1A_benchmark_parallel_igdesign/arm_C_beam_no_anchor/_beam_work/input_renumbered.pdb']
    [WARN] rfdiffusion failed:
f_conf.input_pdb)
  File "/home/sagemaker-user/RFantibody_partialflow/src/rfantibody/rfdiffusion/inference/ab_pose.py", line 265, in from_HLT
    pose = HLT_pdb_parser(pdb_path)
  File "/home/sagemaker-user/RFantibody_partialflow/src/rfantibody/rfdiffusion/parsers.py", line 214, in HLT_pdb_parser
    with open(path,'r') as f:
FileNotFoundError: [Errno 2] No such file or directory: '/home/sagemaker-user/RFantibody_partialflow/IL1RAP_5I1A_benchmark_parallel_igdesign/arm_C_beam_no_anchor/_beam_work/input_renumbered.pdb'

Set the environment variable HYDRA_FULL_ERROR=1 for a complete stack trace.

FAILED (rfdiffusion)
    rollout cp=0 parent=-1 child=61: rfdiffusion… [DEBUG run_denovo_round] input_pdb=/home/sagemaker-user/RFantibody_partialflow/IL1RAP_5I1A_benchmark_parallel_igdesign/arm_C_beam_no_anchor/_beam_work/input_renumbered.pdb
[DEBUG run_denovo_round] original_pdb=/home/sagemaker-user/RFantibody_partialflow/IL1RAP_5I1A_benchmark_parallel_igdesign/arm_C_beam_no_anchor/_beam_work/input_renumbered.pdb
[DEBUG] RFdiffusion command:
/home/sagemaker-user/RFantibody_partialflow/.venv/bin/python /home/sagemaker-user/RFantibody_partialflow/src/rfantibody/rfdiffusion/rfdiffusion_inference.py inference.input_pdb=/home/sagemaker-user/RFantibody_partialflow/IL1RAP_5I1A_benchmark_parallel_igdesign/arm_C_beam_no_anchor/_beam_work/input_renumbered.pdb inference.output_prefix=/home/sagemaker-user/RFantibody_partialflow/IL1RAP_5I1A_benchmark_parallel_igdesign/arm_C_beam_no_anchor/_beam_work/cp00_n0061_rfd inference.num_designs=1 inference.ckpt_override_path=/home/sagemaker-user/RFantibody_partialflow/weights/RFdiffusion_Ab.pt 'contigmap.contigs=[H1-25/5-9/H33-51/4-8/H58-98/8-12/H109-121/0 L122-144/9-13/L156-170/5-9/L178-209/7-11/L219-231/0 T232-563]' 'ppi.hotspot_res=[T393,T396,T397,T401,T450,T518]'
[DEBUG] inference.input_pdb in cmd: ['inference.input_pdb=/home/sagemaker-user/RFantibody_partialflow/IL1RAP_5I1A_benchmark_parallel_igdesign/arm_C_beam_no_anchor/_beam_work/input_renumbered.pdb']
    [WARN] rfdiffusion failed:
f_conf.input_pdb)
  File "/home/sagemaker-user/RFantibody_partialflow/src/rfantibody/rfdiffusion/inference/ab_pose.py", line 265, in from_HLT
    pose = HLT_pdb_parser(pdb_path)
  File "/home/sagemaker-user/RFantibody_partialflow/src/rfantibody/rfdiffusion/parsers.py", line 214, in HLT_pdb_parser
    with open(path,'r') as f:
FileNotFoundError: [Errno 2] No such file or directory: '/home/sagemaker-user/RFantibody_partialflow/IL1RAP_5I1A_benchmark_parallel_igdesign/arm_C_beam_no_anchor/_beam_work/input_renumbered.pdb'

Set the environment variable HYDRA_FULL_ERROR=1 for a complete stack trace.

FAILED (rfdiffusion)
    rollout cp=0 parent=-1 child=62: rfdiffusion… [DEBUG run_denovo_round] input_pdb=/home/sagemaker-user/RFantibody_partialflow/IL1RAP_5I1A_benchmark_parallel_igdesign/arm_C_beam_no_anchor/_beam_work/input_renumbered.pdb
[DEBUG run_denovo_round] original_pdb=/home/sagemaker-user/RFantibody_partialflow/IL1RAP_5I1A_benchmark_parallel_igdesign/arm_C_beam_no_anchor/_beam_work/input_renumbered.pdb
[DEBUG] RFdiffusion command:
/home/sagemaker-user/RFantibody_partialflow/.venv/bin/python /home/sagemaker-user/RFantibody_partialflow/src/rfantibody/rfdiffusion/rfdiffusion_inference.py inference.input_pdb=/home/sagemaker-user/RFantibody_partialflow/IL1RAP_5I1A_benchmark_parallel_igdesign/arm_C_beam_no_anchor/_beam_work/input_renumbered.pdb inference.output_prefix=/home/sagemaker-user/RFantibody_partialflow/IL1RAP_5I1A_benchmark_parallel_igdesign/arm_C_beam_no_anchor/_beam_work/cp00_n0062_rfd inference.num_designs=1 inference.ckpt_override_path=/home/sagemaker-user/RFantibody_partialflow/weights/RFdiffusion_Ab.pt 'contigmap.contigs=[H1-25/5-9/H33-51/4-8/H58-98/8-12/H109-121/0 L122-144/9-13/L156-170/5-9/L178-209/7-11/L219-231/0 T232-563]' 'ppi.hotspot_res=[T393,T396,T397,T401,T450,T518]'
[DEBUG] inference.input_pdb in cmd: ['inference.input_pdb=/home/sagemaker-user/RFantibody_partialflow/IL1RAP_5I1A_benchmark_parallel_igdesign/arm_C_beam_no_anchor/_beam_work/input_renumbered.pdb']
    [WARN] rfdiffusion failed:
f_conf.input_pdb)
  File "/home/sagemaker-user/RFantibody_partialflow/src/rfantibody/rfdiffusion/inference/ab_pose.py", line 265, in from_HLT
    pose = HLT_pdb_parser(pdb_path)
  File "/home/sagemaker-user/RFantibody_partialflow/src/rfantibody/rfdiffusion/parsers.py", line 214, in HLT_pdb_parser
    with open(path,'r') as f:
FileNotFoundError: [Errno 2] No such file or directory: '/home/sagemaker-user/RFantibody_partialflow/IL1RAP_5I1A_benchmark_parallel_igdesign/arm_C_beam_no_anchor/_beam_work/input_renumbered.pdb'

Set the environment variable HYDRA_FULL_ERROR=1 for a complete stack trace.

FAILED (rfdiffusion)
    rollout cp=0 parent=-1 child=63: rfdiffusion… [DEBUG run_denovo_round] input_pdb=/home/sagemaker-user/RFantibody_partialflow/IL1RAP_5I1A_benchmark_parallel_igdesign/arm_C_beam_no_anchor/_beam_work/input_renumbered.pdb
[DEBUG run_denovo_round] original_pdb=/home/sagemaker-user/RFantibody_partialflow/IL1RAP_5I1A_benchmark_parallel_igdesign/arm_C_beam_no_anchor/_beam_work/input_renumbered.pdb
[DEBUG] RFdiffusion command:
/home/sagemaker-user/RFantibody_partialflow/.venv/bin/python /home/sagemaker-user/RFantibody_partialflow/src/rfantibody/rfdiffusion/rfdiffusion_inference.py inference.input_pdb=/home/sagemaker-user/RFantibody_partialflow/IL1RAP_5I1A_benchmark_parallel_igdesign/arm_C_beam_no_anchor/_beam_work/input_renumbered.pdb inference.output_prefix=/home/sagemaker-user/RFantibody_partialflow/IL1RAP_5I1A_benchmark_parallel_igdesign/arm_C_beam_no_anchor/_beam_work/cp00_n0063_rfd inference.num_designs=1 inference.ckpt_override_path=/home/sagemaker-user/RFantibody_partialflow/weights/RFdiffusion_Ab.pt 'contigmap.contigs=[H1-25/5-9/H33-51/4-8/H58-98/8-12/H109-121/0 L122-144/9-13/L156-170/5-9/L178-209/7-11/L219-231/0 T232-563]' 'ppi.hotspot_res=[T393,T396,T397,T401,T450,T518]'
[DEBUG] inference.input_pdb in cmd: ['inference.input_pdb=/home/sagemaker-user/RFantibody_partialflow/IL1RAP_5I1A_benchmark_parallel_igdesign/arm_C_beam_no_anchor/_beam_work/input_renumbered.pdb']
    [WARN] rfdiffusion failed:
f_conf.input_pdb)
  File "/home/sagemaker-user/RFantibody_partialflow/src/rfantibody/rfdiffusion/inference/ab_pose.py", line 265, in from_HLT
    pose = HLT_pdb_parser(pdb_path)
  File "/home/sagemaker-user/RFantibody_partialflow/src/rfantibody/rfdiffusion/parsers.py", line 214, in HLT_pdb_parser
    with open(path,'r') as f:
FileNotFoundError: [Errno 2] No such file or directory: '/home/sagemaker-user/RFantibody_partialflow/IL1RAP_5I1A_benchmark_parallel_igdesign/arm_C_beam_no_anchor/_beam_work/input_renumbered.pdb'

Set the environment variable HYDRA_FULL_ERROR=1 for a complete stack trace.

FAILED (rfdiffusion)
    rollout cp=0 parent=-1 child=64: rfdiffusion… [DEBUG run_denovo_round] input_pdb=/home/sagemaker-user/RFantibody_partialflow/IL1RAP_5I1A_benchmark_parallel_igdesign/arm_C_beam_no_anchor/_beam_work/input_renumbered.pdb
[DEBUG run_denovo_round] original_pdb=/home/sagemaker-user/RFantibody_partialflow/IL1RAP_5I1A_benchmark_parallel_igdesign/arm_C_beam_no_anchor/_beam_work/input_renumbered.pdb
[DEBUG] RFdiffusion command:
/home/sagemaker-user/RFantibody_partialflow/.venv/bin/python /home/sagemaker-user/RFantibody_partialflow/src/rfantibody/rfdiffusion/rfdiffusion_inference.py inference.input_pdb=/home/sagemaker-user/RFantibody_partialflow/IL1RAP_5I1A_benchmark_parallel_igdesign/arm_C_beam_no_anchor/_beam_work/input_renumbered.pdb inference.output_prefix=/home/sagemaker-user/RFantibody_partialflow/IL1RAP_5I1A_benchmark_parallel_igdesign/arm_C_beam_no_anchor/_beam_work/cp00_n0064_rfd inference.num_designs=1 inference.ckpt_override_path=/home/sagemaker-user/RFantibody_partialflow/weights/RFdiffusion_Ab.pt 'contigmap.contigs=[H1-25/5-9/H33-51/4-8/H58-98/8-12/H109-121/0 L122-144/9-13/L156-170/5-9/L178-209/7-11/L219-231/0 T232-563]' 'ppi.hotspot_res=[T393,T396,T397,T401,T450,T518]'
[DEBUG] inference.input_pdb in cmd: ['inference.input_pdb=/home/sagemaker-user/RFantibody_partialflow/IL1RAP_5I1A_benchmark_parallel_igdesign/arm_C_beam_no_anchor/_beam_work/input_renumbered.pdb']
    [WARN] rfdiffusion failed:
f_conf.input_pdb)
  File "/home/sagemaker-user/RFantibody_partialflow/src/rfantibody/rfdiffusion/inference/ab_pose.py", line 265, in from_HLT
    pose = HLT_pdb_parser(pdb_path)
  File "/home/sagemaker-user/RFantibody_partialflow/src/rfantibody/rfdiffusion/parsers.py", line 214, in HLT_pdb_parser
    with open(path,'r') as f:
FileNotFoundError: [Errno 2] No such file or directory: '/home/sagemaker-user/RFantibody_partialflow/IL1RAP_5I1A_benchmark_parallel_igdesign/arm_C_beam_no_anchor/_beam_work/input_renumbered.pdb'

Set the environment variable HYDRA_FULL_ERROR=1 for a complete stack trace.

FAILED (rfdiffusion)
    rollout cp=0 parent=-1 child=65: rfdiffusion… [DEBUG run_denovo_round] input_pdb=/home/sagemaker-user/RFantibody_partialflow/IL1RAP_5I1A_benchmark_parallel_igdesign/arm_C_beam_no_anchor/_beam_work/input_renumbered.pdb
[DEBUG run_denovo_round] original_pdb=/home/sagemaker-user/RFantibody_partialflow/IL1RAP_5I1A_benchmark_parallel_igdesign/arm_C_beam_no_anchor/_beam_work/input_renumbered.pdb
[DEBUG] RFdiffusion command:
/home/sagemaker-user/RFantibody_partialflow/.venv/bin/python /home/sagemaker-user/RFantibody_partialflow/src/rfantibody/rfdiffusion/rfdiffusion_inference.py inference.input_pdb=/home/sagemaker-user/RFantibody_partialflow/IL1RAP_5I1A_benchmark_parallel_igdesign/arm_C_beam_no_anchor/_beam_work/input_renumbered.pdb inference.output_prefix=/home/sagemaker-user/RFantibody_partialflow/IL1RAP_5I1A_benchmark_parallel_igdesign/arm_C_beam_no_anchor/_beam_work/cp00_n0065_rfd inference.num_designs=1 inference.ckpt_override_path=/home/sagemaker-user/RFantibody_partialflow/weights/RFdiffusion_Ab.pt 'contigmap.contigs=[H1-25/5-9/H33-51/4-8/H58-98/8-12/H109-121/0 L122-144/9-13/L156-170/5-9/L178-209/7-11/L219-231/0 T232-563]' 'ppi.hotspot_res=[T393,T396,T397,T401,T450,T518]'
[DEBUG] inference.input_pdb in cmd: ['inference.input_pdb=/home/sagemaker-user/RFantibody_partialflow/IL1RAP_5I1A_benchmark_parallel_igdesign/arm_C_beam_no_anchor/_beam_work/input_renumbered.pdb']
    [WARN] rfdiffusion failed:
f_conf.input_pdb)
  File "/home/sagemaker-user/RFantibody_partialflow/src/rfantibody/rfdiffusion/inference/ab_pose.py", line 265, in from_HLT
    pose = HLT_pdb_parser(pdb_path)
  File "/home/sagemaker-user/RFantibody_partialflow/src/rfantibody/rfdiffusion/parsers.py", line 214, in HLT_pdb_parser
    with open(path,'r') as f:
FileNotFoundError: [Errno 2] No such file or directory: '/home/sagemaker-user/RFantibody_partialflow/IL1RAP_5I1A_benchmark_parallel_igdesign/arm_C_beam_no_anchor/_beam_work/input_renumbered.pdb'

Set the environment variable HYDRA_FULL_ERROR=1 for a complete stack trace.

FAILED (rfdiffusion)
    rollout cp=0 parent=-1 child=66: rfdiffusion… [DEBUG run_denovo_round] input_pdb=/home/sagemaker-user/RFantibody_partialflow/IL1RAP_5I1A_benchmark_parallel_igdesign/arm_C_beam_no_anchor/_beam_work/input_renumbered.pdb
[DEBUG run_denovo_round] original_pdb=/home/sagemaker-user/RFantibody_partialflow/IL1RAP_5I1A_benchmark_parallel_igdesign/arm_C_beam_no_anchor/_beam_work/input_renumbered.pdb
[DEBUG] RFdiffusion command:
/home/sagemaker-user/RFantibody_partialflow/.venv/bin/python /home/sagemaker-user/RFantibody_partialflow/src/rfantibody/rfdiffusion/rfdiffusion_inference.py inference.input_pdb=/home/sagemaker-user/RFantibody_partialflow/IL1RAP_5I1A_benchmark_parallel_igdesign/arm_C_beam_no_anchor/_beam_work/input_renumbered.pdb inference.output_prefix=/home/sagemaker-user/RFantibody_partialflow/IL1RAP_5I1A_benchmark_parallel_igdesign/arm_C_beam_no_anchor/_beam_work/cp00_n0066_rfd inference.num_designs=1 inference.ckpt_override_path=/home/sagemaker-user/RFantibody_partialflow/weights/RFdiffusion_Ab.pt 'contigmap.contigs=[H1-25/5-9/H33-51/4-8/H58-98/8-12/H109-121/0 L122-144/9-13/L156-170/5-9/L178-209/7-11/L219-231/0 T232-563]' 'ppi.hotspot_res=[T393,T396,T397,T401,T450,T518]'
[DEBUG] inference.input_pdb in cmd: ['inference.input_pdb=/home/sagemaker-user/RFantibody_partialflow/IL1RAP_5I1A_benchmark_parallel_igdesign/arm_C_beam_no_anchor/_beam_work/input_renumbered.pdb']
    [WARN] rfdiffusion failed:
f_conf.input_pdb)
  File "/home/sagemaker-user/RFantibody_partialflow/src/rfantibody/rfdiffusion/inference/ab_pose.py", line 265, in from_HLT
    pose = HLT_pdb_parser(pdb_path)
  File "/home/sagemaker-user/RFantibody_partialflow/src/rfantibody/rfdiffusion/parsers.py", line 214, in HLT_pdb_parser
    with open(path,'r') as f:
FileNotFoundError: [Errno 2] No such file or directory: '/home/sagemaker-user/RFantibody_partialflow/IL1RAP_5I1A_benchmark_parallel_igdesign/arm_C_beam_no_anchor/_beam_work/input_renumbered.pdb'

Set the environment variable HYDRA_FULL_ERROR=1 for a complete stack trace.

FAILED (rfdiffusion)
    rollout cp=0 parent=-1 child=67: rfdiffusion… [DEBUG run_denovo_round] input_pdb=/home/sagemaker-user/RFantibody_partialflow/IL1RAP_5I1A_benchmark_parallel_igdesign/arm_C_beam_no_anchor/_beam_work/input_renumbered.pdb
[DEBUG run_denovo_round] original_pdb=/home/sagemaker-user/RFantibody_partialflow/IL1RAP_5I1A_benchmark_parallel_igdesign/arm_C_beam_no_anchor/_beam_work/input_renumbered.pdb
[DEBUG] RFdiffusion command:
/home/sagemaker-user/RFantibody_partialflow/.venv/bin/python /home/sagemaker-user/RFantibody_partialflow/src/rfantibody/rfdiffusion/rfdiffusion_inference.py inference.input_pdb=/home/sagemaker-user/RFantibody_partialflow/IL1RAP_5I1A_benchmark_parallel_igdesign/arm_C_beam_no_anchor/_beam_work/input_renumbered.pdb inference.output_prefix=/home/sagemaker-user/RFantibody_partialflow/IL1RAP_5I1A_benchmark_parallel_igdesign/arm_C_beam_no_anchor/_beam_work/cp00_n0067_rfd inference.num_designs=1 inference.ckpt_override_path=/home/sagemaker-user/RFantibody_partialflow/weights/RFdiffusion_Ab.pt 'contigmap.contigs=[H1-25/5-9/H33-51/4-8/H58-98/8-12/H109-121/0 L122-144/9-13/L156-170/5-9/L178-209/7-11/L219-231/0 T232-563]' 'ppi.hotspot_res=[T393,T396,T397,T401,T450,T518]'
[DEBUG] inference.input_pdb in cmd: ['inference.input_pdb=/home/sagemaker-user/RFantibody_partialflow/IL1RAP_5I1A_benchmark_parallel_igdesign/arm_C_beam_no_anchor/_beam_work/input_renumbered.pdb']
    [WARN] rfdiffusion failed:
f_conf.input_pdb)
  File "/home/sagemaker-user/RFantibody_partialflow/src/rfantibody/rfdiffusion/inference/ab_pose.py", line 265, in from_HLT
    pose = HLT_pdb_parser(pdb_path)
  File "/home/sagemaker-user/RFantibody_partialflow/src/rfantibody/rfdiffusion/parsers.py", line 214, in HLT_pdb_parser
    with open(path,'r') as f:
FileNotFoundError: [Errno 2] No such file or directory: '/home/sagemaker-user/RFantibody_partialflow/IL1RAP_5I1A_benchmark_parallel_igdesign/arm_C_beam_no_anchor/_beam_work/input_renumbered.pdb'

Set the environment variable HYDRA_FULL_ERROR=1 for a complete stack trace.

FAILED (rfdiffusion)
    rollout cp=0 parent=-1 child=68: rfdiffusion… [DEBUG run_denovo_round] input_pdb=/home/sagemaker-user/RFantibody_partialflow/IL1RAP_5I1A_benchmark_parallel_igdesign/arm_C_beam_no_anchor/_beam_work/input_renumbered.pdb
[DEBUG run_denovo_round] original_pdb=/home/sagemaker-user/RFantibody_partialflow/IL1RAP_5I1A_benchmark_parallel_igdesign/arm_C_beam_no_anchor/_beam_work/input_renumbered.pdb
[DEBUG] RFdiffusion command:
/home/sagemaker-user/RFantibody_partialflow/.venv/bin/python /home/sagemaker-user/RFantibody_partialflow/src/rfantibody/rfdiffusion/rfdiffusion_inference.py inference.input_pdb=/home/sagemaker-user/RFantibody_partialflow/IL1RAP_5I1A_benchmark_parallel_igdesign/arm_C_beam_no_anchor/_beam_work/input_renumbered.pdb inference.output_prefix=/home/sagemaker-user/RFantibody_partialflow/IL1RAP_5I1A_benchmark_parallel_igdesign/arm_C_beam_no_anchor/_beam_work/cp00_n0068_rfd inference.num_designs=1 inference.ckpt_override_path=/home/sagemaker-user/RFantibody_partialflow/weights/RFdiffusion_Ab.pt 'contigmap.contigs=[H1-25/5-9/H33-51/4-8/H58-98/8-12/H109-121/0 L122-144/9-13/L156-170/5-9/L178-209/7-11/L219-231/0 T232-563]' 'ppi.hotspot_res=[T393,T396,T397,T401,T450,T518]'
[DEBUG] inference.input_pdb in cmd: ['inference.input_pdb=/home/sagemaker-user/RFantibody_partialflow/IL1RAP_5I1A_benchmark_parallel_igdesign/arm_C_beam_no_anchor/_beam_work/input_renumbered.pdb']
    [WARN] rfdiffusion failed:
f_conf.input_pdb)
  File "/home/sagemaker-user/RFantibody_partialflow/src/rfantibody/rfdiffusion/inference/ab_pose.py", line 265, in from_HLT
    pose = HLT_pdb_parser(pdb_path)
  File "/home/sagemaker-user/RFantibody_partialflow/src/rfantibody/rfdiffusion/parsers.py", line 214, in HLT_pdb_parser
    with open(path,'r') as f:
FileNotFoundError: [Errno 2] No such file or directory: '/home/sagemaker-user/RFantibody_partialflow/IL1RAP_5I1A_benchmark_parallel_igdesign/arm_C_beam_no_anchor/_beam_work/input_renumbered.pdb'

Set the environment variable HYDRA_FULL_ERROR=1 for a complete stack trace.

FAILED (rfdiffusion)
    rollout cp=0 parent=-1 child=69: rfdiffusion… [DEBUG run_denovo_round] input_pdb=/home/sagemaker-user/RFantibody_partialflow/IL1RAP_5I1A_benchmark_parallel_igdesign/arm_C_beam_no_anchor/_beam_work/input_renumbered.pdb
[DEBUG run_denovo_round] original_pdb=/home/sagemaker-user/RFantibody_partialflow/IL1RAP_5I1A_benchmark_parallel_igdesign/arm_C_beam_no_anchor/_beam_work/input_renumbered.pdb
[DEBUG] RFdiffusion command:
/home/sagemaker-user/RFantibody_partialflow/.venv/bin/python /home/sagemaker-user/RFantibody_partialflow/src/rfantibody/rfdiffusion/rfdiffusion_inference.py inference.input_pdb=/home/sagemaker-user/RFantibody_partialflow/IL1RAP_5I1A_benchmark_parallel_igdesign/arm_C_beam_no_anchor/_beam_work/input_renumbered.pdb inference.output_prefix=/home/sagemaker-user/RFantibody_partialflow/IL1RAP_5I1A_benchmark_parallel_igdesign/arm_C_beam_no_anchor/_beam_work/cp00_n0069_rfd inference.num_designs=1 inference.ckpt_override_path=/home/sagemaker-user/RFantibody_partialflow/weights/RFdiffusion_Ab.pt 'contigmap.contigs=[H1-25/5-9/H33-51/4-8/H58-98/8-12/H109-121/0 L122-144/9-13/L156-170/5-9/L178-209/7-11/L219-231/0 T232-563]' 'ppi.hotspot_res=[T393,T396,T397,T401,T450,T518]'
[DEBUG] inference.input_pdb in cmd: ['inference.input_pdb=/home/sagemaker-user/RFantibody_partialflow/IL1RAP_5I1A_benchmark_parallel_igdesign/arm_C_beam_no_anchor/_beam_work/input_renumbered.pdb']
    [WARN] rfdiffusion failed:
f_conf.input_pdb)
  File "/home/sagemaker-user/RFantibody_partialflow/src/rfantibody/rfdiffusion/inference/ab_pose.py", line 265, in from_HLT
    pose = HLT_pdb_parser(pdb_path)
  File "/home/sagemaker-user/RFantibody_partialflow/src/rfantibody/rfdiffusion/parsers.py", line 214, in HLT_pdb_parser
    with open(path,'r') as f:
FileNotFoundError: [Errno 2] No such file or directory: '/home/sagemaker-user/RFantibody_partialflow/IL1RAP_5I1A_benchmark_parallel_igdesign/arm_C_beam_no_anchor/_beam_work/input_renumbered.pdb'

Set the environment variable HYDRA_FULL_ERROR=1 for a complete stack trace.

FAILED (rfdiffusion)
    rollout cp=0 parent=-1 child=70: rfdiffusion… [DEBUG run_denovo_round] input_pdb=/home/sagemaker-user/RFantibody_partialflow/IL1RAP_5I1A_benchmark_parallel_igdesign/arm_C_beam_no_anchor/_beam_work/input_renumbered.pdb
[DEBUG run_denovo_round] original_pdb=/home/sagemaker-user/RFantibody_partialflow/IL1RAP_5I1A_benchmark_parallel_igdesign/arm_C_beam_no_anchor/_beam_work/input_renumbered.pdb
[DEBUG] RFdiffusion command:
/home/sagemaker-user/RFantibody_partialflow/.venv/bin/python /home/sagemaker-user/RFantibody_partialflow/src/rfantibody/rfdiffusion/rfdiffusion_inference.py inference.input_pdb=/home/sagemaker-user/RFantibody_partialflow/IL1RAP_5I1A_benchmark_parallel_igdesign/arm_C_beam_no_anchor/_beam_work/input_renumbered.pdb inference.output_prefix=/home/sagemaker-user/RFantibody_partialflow/IL1RAP_5I1A_benchmark_parallel_igdesign/arm_C_beam_no_anchor/_beam_work/cp00_n0070_rfd inference.num_designs=1 inference.ckpt_override_path=/home/sagemaker-user/RFantibody_partialflow/weights/RFdiffusion_Ab.pt 'contigmap.contigs=[H1-25/5-9/H33-51/4-8/H58-98/8-12/H109-121/0 L122-144/9-13/L156-170/5-9/L178-209/7-11/L219-231/0 T232-563]' 'ppi.hotspot_res=[T393,T396,T397,T401,T450,T518]'
[DEBUG] inference.input_pdb in cmd: ['inference.input_pdb=/home/sagemaker-user/RFantibody_partialflow/IL1RAP_5I1A_benchmark_parallel_igdesign/arm_C_beam_no_anchor/_beam_work/input_renumbered.pdb']
    [WARN] rfdiffusion failed:
f_conf.input_pdb)
  File "/home/sagemaker-user/RFantibody_partialflow/src/rfantibody/rfdiffusion/inference/ab_pose.py", line 265, in from_HLT
    pose = HLT_pdb_parser(pdb_path)
  File "/home/sagemaker-user/RFantibody_partialflow/src/rfantibody/rfdiffusion/parsers.py", line 214, in HLT_pdb_parser
    with open(path,'r') as f:
FileNotFoundError: [Errno 2] No such file or directory: '/home/sagemaker-user/RFantibody_partialflow/IL1RAP_5I1A_benchmark_parallel_igdesign/arm_C_beam_no_anchor/_beam_work/input_renumbered.pdb'

Set the environment variable HYDRA_FULL_ERROR=1 for a complete stack trace.

FAILED (rfdiffusion)
    rollout cp=0 parent=-1 child=71: rfdiffusion… [DEBUG run_denovo_round] input_pdb=/home/sagemaker-user/RFantibody_partialflow/IL1RAP_5I1A_benchmark_parallel_igdesign/arm_C_beam_no_anchor/_beam_work/input_renumbered.pdb
[DEBUG run_denovo_round] original_pdb=/home/sagemaker-user/RFantibody_partialflow/IL1RAP_5I1A_benchmark_parallel_igdesign/arm_C_beam_no_anchor/_beam_work/input_renumbered.pdb
[DEBUG] RFdiffusion command:
/home/sagemaker-user/RFantibody_partialflow/.venv/bin/python /home/sagemaker-user/RFantibody_partialflow/src/rfantibody/rfdiffusion/rfdiffusion_inference.py inference.input_pdb=/home/sagemaker-user/RFantibody_partialflow/IL1RAP_5I1A_benchmark_parallel_igdesign/arm_C_beam_no_anchor/_beam_work/input_renumbered.pdb inference.output_prefix=/home/sagemaker-user/RFantibody_partialflow/IL1RAP_5I1A_benchmark_parallel_igdesign/arm_C_beam_no_anchor/_beam_work/cp00_n0071_rfd inference.num_designs=1 inference.ckpt_override_path=/home/sagemaker-user/RFantibody_partialflow/weights/RFdiffusion_Ab.pt 'contigmap.contigs=[H1-25/5-9/H33-51/4-8/H58-98/8-12/H109-121/0 L122-144/9-13/L156-170/5-9/L178-209/7-11/L219-231/0 T232-563]' 'ppi.hotspot_res=[T393,T396,T397,T401,T450,T518]'
[DEBUG] inference.input_pdb in cmd: ['inference.input_pdb=/home/sagemaker-user/RFantibody_partialflow/IL1RAP_5I1A_benchmark_parallel_igdesign/arm_C_beam_no_anchor/_beam_work/input_renumbered.pdb']
    [WARN] rfdiffusion failed:
f_conf.input_pdb)
  File "/home/sagemaker-user/RFantibody_partialflow/src/rfantibody/rfdiffusion/inference/ab_pose.py", line 265, in from_HLT
    pose = HLT_pdb_parser(pdb_path)
  File "/home/sagemaker-user/RFantibody_partialflow/src/rfantibody/rfdiffusion/parsers.py", line 214, in HLT_pdb_parser
    with open(path,'r') as f:
FileNotFoundError: [Errno 2] No such file or directory: '/home/sagemaker-user/RFantibody_partialflow/IL1RAP_5I1A_benchmark_parallel_igdesign/arm_C_beam_no_anchor/_beam_work/input_renumbered.pdb'

Set the environment variable HYDRA_FULL_ERROR=1 for a complete stack trace.

FAILED (rfdiffusion)
    rollout cp=0 parent=-1 child=72: rfdiffusion… [DEBUG run_denovo_round] input_pdb=/home/sagemaker-user/RFantibody_partialflow/IL1RAP_5I1A_benchmark_parallel_igdesign/arm_C_beam_no_anchor/_beam_work/input_renumbered.pdb
[DEBUG run_denovo_round] original_pdb=/home/sagemaker-user/RFantibody_partialflow/IL1RAP_5I1A_benchmark_parallel_igdesign/arm_C_beam_no_anchor/_beam_work/input_renumbered.pdb
[DEBUG] RFdiffusion command:
/home/sagemaker-user/RFantibody_partialflow/.venv/bin/python /home/sagemaker-user/RFantibody_partialflow/src/rfantibody/rfdiffusion/rfdiffusion_inference.py inference.input_pdb=/home/sagemaker-user/RFantibody_partialflow/IL1RAP_5I1A_benchmark_parallel_igdesign/arm_C_beam_no_anchor/_beam_work/input_renumbered.pdb inference.output_prefix=/home/sagemaker-user/RFantibody_partialflow/IL1RAP_5I1A_benchmark_parallel_igdesign/arm_C_beam_no_anchor/_beam_work/cp00_n0072_rfd inference.num_designs=1 inference.ckpt_override_path=/home/sagemaker-user/RFantibody_partialflow/weights/RFdiffusion_Ab.pt 'contigmap.contigs=[H1-25/5-9/H33-51/4-8/H58-98/8-12/H109-121/0 L122-144/9-13/L156-170/5-9/L178-209/7-11/L219-231/0 T232-563]' 'ppi.hotspot_res=[T393,T396,T397,T401,T450,T518]'
[DEBUG] inference.input_pdb in cmd: ['inference.input_pdb=/home/sagemaker-user/RFantibody_partialflow/IL1RAP_5I1A_benchmark_parallel_igdesign/arm_C_beam_no_anchor/_beam_work/input_renumbered.pdb']
    [WARN] rfdiffusion failed:
f_conf.input_pdb)
  File "/home/sagemaker-user/RFantibody_partialflow/src/rfantibody/rfdiffusion/inference/ab_pose.py", line 265, in from_HLT
    pose = HLT_pdb_parser(pdb_path)
  File "/home/sagemaker-user/RFantibody_partialflow/src/rfantibody/rfdiffusion/parsers.py", line 214, in HLT_pdb_parser
    with open(path,'r') as f:
FileNotFoundError: [Errno 2] No such file or directory: '/home/sagemaker-user/RFantibody_partialflow/IL1RAP_5I1A_benchmark_parallel_igdesign/arm_C_beam_no_anchor/_beam_work/input_renumbered.pdb'

Set the environment variable HYDRA_FULL_ERROR=1 for a complete stack trace.

FAILED (rfdiffusion)
    rollout cp=0 parent=-1 child=73: rfdiffusion… [DEBUG run_denovo_round] input_pdb=/home/sagemaker-user/RFantibody_partialflow/IL1RAP_5I1A_benchmark_parallel_igdesign/arm_C_beam_no_anchor/_beam_work/input_renumbered.pdb
[DEBUG run_denovo_round] original_pdb=/home/sagemaker-user/RFantibody_partialflow/IL1RAP_5I1A_benchmark_parallel_igdesign/arm_C_beam_no_anchor/_beam_work/input_renumbered.pdb
[DEBUG] RFdiffusion command:
/home/sagemaker-user/RFantibody_partialflow/.venv/bin/python /home/sagemaker-user/RFantibody_partialflow/src/rfantibody/rfdiffusion/rfdiffusion_inference.py inference.input_pdb=/home/sagemaker-user/RFantibody_partialflow/IL1RAP_5I1A_benchmark_parallel_igdesign/arm_C_beam_no_anchor/_beam_work/input_renumbered.pdb inference.output_prefix=/home/sagemaker-user/RFantibody_partialflow/IL1RAP_5I1A_benchmark_parallel_igdesign/arm_C_beam_no_anchor/_beam_work/cp00_n0073_rfd inference.num_designs=1 inference.ckpt_override_path=/home/sagemaker-user/RFantibody_partialflow/weights/RFdiffusion_Ab.pt 'contigmap.contigs=[H1-25/5-9/H33-51/4-8/H58-98/8-12/H109-121/0 L122-144/9-13/L156-170/5-9/L178-209/7-11/L219-231/0 T232-563]' 'ppi.hotspot_res=[T393,T396,T397,T401,T450,T518]'
[DEBUG] inference.input_pdb in cmd: ['inference.input_pdb=/home/sagemaker-user/RFantibody_partialflow/IL1RAP_5I1A_benchmark_parallel_igdesign/arm_C_beam_no_anchor/_beam_work/input_renumbered.pdb']
    [WARN] rfdiffusion failed:
f_conf.input_pdb)
  File "/home/sagemaker-user/RFantibody_partialflow/src/rfantibody/rfdiffusion/inference/ab_pose.py", line 265, in from_HLT
    pose = HLT_pdb_parser(pdb_path)
  File "/home/sagemaker-user/RFantibody_partialflow/src/rfantibody/rfdiffusion/parsers.py", line 214, in HLT_pdb_parser
    with open(path,'r') as f:
FileNotFoundError: [Errno 2] No such file or directory: '/home/sagemaker-user/RFantibody_partialflow/IL1RAP_5I1A_benchmark_parallel_igdesign/arm_C_beam_no_anchor/_beam_work/input_renumbered.pdb'

Set the environment variable HYDRA_FULL_ERROR=1 for a complete stack trace.

FAILED (rfdiffusion)
    rollout cp=0 parent=-1 child=74: rfdiffusion… [DEBUG run_denovo_round] input_pdb=/home/sagemaker-user/RFantibody_partialflow/IL1RAP_5I1A_benchmark_parallel_igdesign/arm_C_beam_no_anchor/_beam_work/input_renumbered.pdb
[DEBUG run_denovo_round] original_pdb=/home/sagemaker-user/RFantibody_partialflow/IL1RAP_5I1A_benchmark_parallel_igdesign/arm_C_beam_no_anchor/_beam_work/input_renumbered.pdb
[DEBUG] RFdiffusion command:
/home/sagemaker-user/RFantibody_partialflow/.venv/bin/python /home/sagemaker-user/RFantibody_partialflow/src/rfantibody/rfdiffusion/rfdiffusion_inference.py inference.input_pdb=/home/sagemaker-user/RFantibody_partialflow/IL1RAP_5I1A_benchmark_parallel_igdesign/arm_C_beam_no_anchor/_beam_work/input_renumbered.pdb inference.output_prefix=/home/sagemaker-user/RFantibody_partialflow/IL1RAP_5I1A_benchmark_parallel_igdesign/arm_C_beam_no_anchor/_beam_work/cp00_n0074_rfd inference.num_designs=1 inference.ckpt_override_path=/home/sagemaker-user/RFantibody_partialflow/weights/RFdiffusion_Ab.pt 'contigmap.contigs=[H1-25/5-9/H33-51/4-8/H58-98/8-12/H109-121/0 L122-144/9-13/L156-170/5-9/L178-209/7-11/L219-231/0 T232-563]' 'ppi.hotspot_res=[T393,T396,T397,T401,T450,T518]'
[DEBUG] inference.input_pdb in cmd: ['inference.input_pdb=/home/sagemaker-user/RFantibody_partialflow/IL1RAP_5I1A_benchmark_parallel_igdesign/arm_C_beam_no_anchor/_beam_work/input_renumbered.pdb']
    [WARN] rfdiffusion failed:
f_conf.input_pdb)
  File "/home/sagemaker-user/RFantibody_partialflow/src/rfantibody/rfdiffusion/inference/ab_pose.py", line 265, in from_HLT
    pose = HLT_pdb_parser(pdb_path)
  File "/home/sagemaker-user/RFantibody_partialflow/src/rfantibody/rfdiffusion/parsers.py", line 214, in HLT_pdb_parser
    with open(path,'r') as f:
FileNotFoundError: [Errno 2] No such file or directory: '/home/sagemaker-user/RFantibody_partialflow/IL1RAP_5I1A_benchmark_parallel_igdesign/arm_C_beam_no_anchor/_beam_work/input_renumbered.pdb'

Set the environment variable HYDRA_FULL_ERROR=1 for a complete stack trace.

FAILED (rfdiffusion)
    rollout cp=0 parent=-1 child=76: rfdiffusion… [DEBUG run_denovo_round] input_pdb=/home/sagemaker-user/RFantibody_partialflow/IL1RAP_5I1A_benchmark_parallel_igdesign/arm_C_beam_no_anchor/_beam_work/input_renumbered.pdb
[DEBUG run_denovo_round] original_pdb=/home/sagemaker-user/RFantibody_partialflow/IL1RAP_5I1A_benchmark_parallel_igdesign/arm_C_beam_no_anchor/_beam_work/input_renumbered.pdb
[DEBUG] RFdiffusion command:
/home/sagemaker-user/RFantibody_partialflow/.venv/bin/python /home/sagemaker-user/RFantibody_partialflow/src/rfantibody/rfdiffusion/rfdiffusion_inference.py inference.input_pdb=/home/sagemaker-user/RFantibody_partialflow/IL1RAP_5I1A_benchmark_parallel_igdesign/arm_C_beam_no_anchor/_beam_work/input_renumbered.pdb inference.output_prefix=/home/sagemaker-user/RFantibody_partialflow/IL1RAP_5I1A_benchmark_parallel_igdesign/arm_C_beam_no_anchor/_beam_work/cp00_n0076_rfd inference.num_designs=1 inference.ckpt_override_path=/home/sagemaker-user/RFantibody_partialflow/weights/RFdiffusion_Ab.pt 'contigmap.contigs=[H1-25/5-9/H33-51/4-8/H58-98/8-12/H109-121/0 L122-144/9-13/L156-170/5-9/L178-209/7-11/L219-231/0 T232-563]' 'ppi.hotspot_res=[T393,T396,T397,T401,T450,T518]'
[DEBUG] inference.input_pdb in cmd: ['inference.input_pdb=/home/sagemaker-user/RFantibody_partialflow/IL1RAP_5I1A_benchmark_parallel_igdesign/arm_C_beam_no_anchor/_beam_work/input_renumbered.pdb']
    [WARN] rfdiffusion failed:
f_conf.input_pdb)
  File "/home/sagemaker-user/RFantibody_partialflow/src/rfantibody/rfdiffusion/inference/ab_pose.py", line 265, in from_HLT
    pose = HLT_pdb_parser(pdb_path)
  File "/home/sagemaker-user/RFantibody_partialflow/src/rfantibody/rfdiffusion/parsers.py", line 214, in HLT_pdb_parser
    with open(path,'r') as f:
FileNotFoundError: [Errno 2] No such file or directory: '/home/sagemaker-user/RFantibody_partialflow/IL1RAP_5I1A_benchmark_parallel_igdesign/arm_C_beam_no_anchor/_beam_work/input_renumbered.pdb'

Set the environment variable HYDRA_FULL_ERROR=1 for a complete stack trace.

FAILED (rfdiffusion)
    rollout cp=0 parent=-1 child=75: rfdiffusion… [DEBUG run_denovo_round] input_pdb=/home/sagemaker-user/RFantibody_partialflow/IL1RAP_5I1A_benchmark_parallel_igdesign/arm_C_beam_no_anchor/_beam_work/input_renumbered.pdb
[DEBUG run_denovo_round] original_pdb=/home/sagemaker-user/RFantibody_partialflow/IL1RAP_5I1A_benchmark_parallel_igdesign/arm_C_beam_no_anchor/_beam_work/input_renumbered.pdb
[DEBUG] RFdiffusion command:
/home/sagemaker-user/RFantibody_partialflow/.venv/bin/python /home/sagemaker-user/RFantibody_partialflow/src/rfantibody/rfdiffusion/rfdiffusion_inference.py inference.input_pdb=/home/sagemaker-user/RFantibody_partialflow/IL1RAP_5I1A_benchmark_parallel_igdesign/arm_C_beam_no_anchor/_beam_work/input_renumbered.pdb inference.output_prefix=/home/sagemaker-user/RFantibody_partialflow/IL1RAP_5I1A_benchmark_parallel_igdesign/arm_C_beam_no_anchor/_beam_work/cp00_n0075_rfd inference.num_designs=1 inference.ckpt_override_path=/home/sagemaker-user/RFantibody_partialflow/weights/RFdiffusion_Ab.pt 'contigmap.contigs=[H1-25/5-9/H33-51/4-8/H58-98/8-12/H109-121/0 L122-144/9-13/L156-170/5-9/L178-209/7-11/L219-231/0 T232-563]' 'ppi.hotspot_res=[T393,T396,T397,T401,T450,T518]'
[DEBUG] inference.input_pdb in cmd: ['inference.input_pdb=/home/sagemaker-user/RFantibody_partialflow/IL1RAP_5I1A_benchmark_parallel_igdesign/arm_C_beam_no_anchor/_beam_work/input_renumbered.pdb']
    [WARN] rfdiffusion failed:
f_conf.input_pdb)
  File "/home/sagemaker-user/RFantibody_partialflow/src/rfantibody/rfdiffusion/inference/ab_pose.py", line 265, in from_HLT
    pose = HLT_pdb_parser(pdb_path)
  File "/home/sagemaker-user/RFantibody_partialflow/src/rfantibody/rfdiffusion/parsers.py", line 214, in HLT_pdb_parser
    with open(path,'r') as f:
FileNotFoundError: [Errno 2] No such file or directory: '/home/sagemaker-user/RFantibody_partialflow/IL1RAP_5I1A_benchmark_parallel_igdesign/arm_C_beam_no_anchor/_beam_work/input_renumbered.pdb'

Set the environment variable HYDRA_FULL_ERROR=1 for a complete stack trace.

FAILED (rfdiffusion)
    rollout cp=0 parent=-1 child=77: rfdiffusion… [DEBUG run_denovo_round] input_pdb=/home/sagemaker-user/RFantibody_partialflow/IL1RAP_5I1A_benchmark_parallel_igdesign/arm_C_beam_no_anchor/_beam_work/input_renumbered.pdb
[DEBUG run_denovo_round] original_pdb=/home/sagemaker-user/RFantibody_partialflow/IL1RAP_5I1A_benchmark_parallel_igdesign/arm_C_beam_no_anchor/_beam_work/input_renumbered.pdb
[DEBUG] RFdiffusion command:
/home/sagemaker-user/RFantibody_partialflow/.venv/bin/python /home/sagemaker-user/RFantibody_partialflow/src/rfantibody/rfdiffusion/rfdiffusion_inference.py inference.input_pdb=/home/sagemaker-user/RFantibody_partialflow/IL1RAP_5I1A_benchmark_parallel_igdesign/arm_C_beam_no_anchor/_beam_work/input_renumbered.pdb inference.output_prefix=/home/sagemaker-user/RFantibody_partialflow/IL1RAP_5I1A_benchmark_parallel_igdesign/arm_C_beam_no_anchor/_beam_work/cp00_n0077_rfd inference.num_designs=1 inference.ckpt_override_path=/home/sagemaker-user/RFantibody_partialflow/weights/RFdiffusion_Ab.pt 'contigmap.contigs=[H1-25/5-9/H33-51/4-8/H58-98/8-12/H109-121/0 L122-144/9-13/L156-170/5-9/L178-209/7-11/L219-231/0 T232-563]' 'ppi.hotspot_res=[T393,T396,T397,T401,T450,T518]'
[DEBUG] inference.input_pdb in cmd: ['inference.input_pdb=/home/sagemaker-user/RFantibody_partialflow/IL1RAP_5I1A_benchmark_parallel_igdesign/arm_C_beam_no_anchor/_beam_work/input_renumbered.pdb']
    [WARN] rfdiffusion failed:
f_conf.input_pdb)
  File "/home/sagemaker-user/RFantibody_partialflow/src/rfantibody/rfdiffusion/inference/ab_pose.py", line 265, in from_HLT
    pose = HLT_pdb_parser(pdb_path)
  File "/home/sagemaker-user/RFantibody_partialflow/src/rfantibody/rfdiffusion/parsers.py", line 214, in HLT_pdb_parser
    with open(path,'r') as f:
FileNotFoundError: [Errno 2] No such file or directory: '/home/sagemaker-user/RFantibody_partialflow/IL1RAP_5I1A_benchmark_parallel_igdesign/arm_C_beam_no_anchor/_beam_work/input_renumbered.pdb'

Set the environment variable HYDRA_FULL_ERROR=1 for a complete stack trace.

FAILED (rfdiffusion)
    rollout cp=0 parent=-1 child=78: rfdiffusion… [DEBUG run_denovo_round] input_pdb=/home/sagemaker-user/RFantibody_partialflow/IL1RAP_5I1A_benchmark_parallel_igdesign/arm_C_beam_no_anchor/_beam_work/input_renumbered.pdb
[DEBUG run_denovo_round] original_pdb=/home/sagemaker-user/RFantibody_partialflow/IL1RAP_5I1A_benchmark_parallel_igdesign/arm_C_beam_no_anchor/_beam_work/input_renumbered.pdb
[DEBUG] RFdiffusion command:
/home/sagemaker-user/RFantibody_partialflow/.venv/bin/python /home/sagemaker-user/RFantibody_partialflow/src/rfantibody/rfdiffusion/rfdiffusion_inference.py inference.input_pdb=/home/sagemaker-user/RFantibody_partialflow/IL1RAP_5I1A_benchmark_parallel_igdesign/arm_C_beam_no_anchor/_beam_work/input_renumbered.pdb inference.output_prefix=/home/sagemaker-user/RFantibody_partialflow/IL1RAP_5I1A_benchmark_parallel_igdesign/arm_C_beam_no_anchor/_beam_work/cp00_n0078_rfd inference.num_designs=1 inference.ckpt_override_path=/home/sagemaker-user/RFantibody_partialflow/weights/RFdiffusion_Ab.pt 'contigmap.contigs=[H1-25/5-9/H33-51/4-8/H58-98/8-12/H109-121/0 L122-144/9-13/L156-170/5-9/L178-209/7-11/L219-231/0 T232-563]' 'ppi.hotspot_res=[T393,T396,T397,T401,T450,T518]'
[DEBUG] inference.input_pdb in cmd: ['inference.input_pdb=/home/sagemaker-user/RFantibody_partialflow/IL1RAP_5I1A_benchmark_parallel_igdesign/arm_C_beam_no_anchor/_beam_work/input_renumbered.pdb']
    [WARN] rfdiffusion failed:
f_conf.input_pdb)
  File "/home/sagemaker-user/RFantibody_partialflow/src/rfantibody/rfdiffusion/inference/ab_pose.py", line 265, in from_HLT
    pose = HLT_pdb_parser(pdb_path)
  File "/home/sagemaker-user/RFantibody_partialflow/src/rfantibody/rfdiffusion/parsers.py", line 214, in HLT_pdb_parser
    with open(path,'r') as f:
FileNotFoundError: [Errno 2] No such file or directory: '/home/sagemaker-user/RFantibody_partialflow/IL1RAP_5I1A_benchmark_parallel_igdesign/arm_C_beam_no_anchor/_beam_work/input_renumbered.pdb'

Set the environment variable HYDRA_FULL_ERROR=1 for a complete stack trace.

FAILED (rfdiffusion)
    rollout cp=0 parent=-1 child=79: rfdiffusion… [DEBUG run_denovo_round] input_pdb=/home/sagemaker-user/RFantibody_partialflow/IL1RAP_5I1A_benchmark_parallel_igdesign/arm_C_beam_no_anchor/_beam_work/input_renumbered.pdb
[DEBUG run_denovo_round] original_pdb=/home/sagemaker-user/RFantibody_partialflow/IL1RAP_5I1A_benchmark_parallel_igdesign/arm_C_beam_no_anchor/_beam_work/input_renumbered.pdb
[DEBUG] RFdiffusion command:
/home/sagemaker-user/RFantibody_partialflow/.venv/bin/python /home/sagemaker-user/RFantibody_partialflow/src/rfantibody/rfdiffusion/rfdiffusion_inference.py inference.input_pdb=/home/sagemaker-user/RFantibody_partialflow/IL1RAP_5I1A_benchmark_parallel_igdesign/arm_C_beam_no_anchor/_beam_work/input_renumbered.pdb inference.output_prefix=/home/sagemaker-user/RFantibody_partialflow/IL1RAP_5I1A_benchmark_parallel_igdesign/arm_C_beam_no_anchor/_beam_work/cp00_n0079_rfd inference.num_designs=1 inference.ckpt_override_path=/home/sagemaker-user/RFantibody_partialflow/weights/RFdiffusion_Ab.pt 'contigmap.contigs=[H1-25/5-9/H33-51/4-8/H58-98/8-12/H109-121/0 L122-144/9-13/L156-170/5-9/L178-209/7-11/L219-231/0 T232-563]' 'ppi.hotspot_res=[T393,T396,T397,T401,T450,T518]'
[DEBUG] inference.input_pdb in cmd: ['inference.input_pdb=/home/sagemaker-user/RFantibody_partialflow/IL1RAP_5I1A_benchmark_parallel_igdesign/arm_C_beam_no_anchor/_beam_work/input_renumbered.pdb']
    [WARN] rfdiffusion failed:
f_conf.input_pdb)
  File "/home/sagemaker-user/RFantibody_partialflow/src/rfantibody/rfdiffusion/inference/ab_pose.py", line 265, in from_HLT
    pose = HLT_pdb_parser(pdb_path)
  File "/home/sagemaker-user/RFantibody_partialflow/src/rfantibody/rfdiffusion/parsers.py", line 214, in HLT_pdb_parser
    with open(path,'r') as f:
FileNotFoundError: [Errno 2] No such file or directory: '/home/sagemaker-user/RFantibody_partialflow/IL1RAP_5I1A_benchmark_parallel_igdesign/arm_C_beam_no_anchor/_beam_work/input_renumbered.pdb'

Set the environment variable HYDRA_FULL_ERROR=1 for a complete stack trace.

FAILED (rfdiffusion)
    rollout cp=0 parent=-1 child=80: rfdiffusion… [DEBUG run_denovo_round] input_pdb=/home/sagemaker-user/RFantibody_partialflow/IL1RAP_5I1A_benchmark_parallel_igdesign/arm_C_beam_no_anchor/_beam_work/input_renumbered.pdb
[DEBUG run_denovo_round] original_pdb=/home/sagemaker-user/RFantibody_partialflow/IL1RAP_5I1A_benchmark_parallel_igdesign/arm_C_beam_no_anchor/_beam_work/input_renumbered.pdb
[DEBUG] RFdiffusion command:
/home/sagemaker-user/RFantibody_partialflow/.venv/bin/python /home/sagemaker-user/RFantibody_partialflow/src/rfantibody/rfdiffusion/rfdiffusion_inference.py inference.input_pdb=/home/sagemaker-user/RFantibody_partialflow/IL1RAP_5I1A_benchmark_parallel_igdesign/arm_C_beam_no_anchor/_beam_work/input_renumbered.pdb inference.output_prefix=/home/sagemaker-user/RFantibody_partialflow/IL1RAP_5I1A_benchmark_parallel_igdesign/arm_C_beam_no_anchor/_beam_work/cp00_n0080_rfd inference.num_designs=1 inference.ckpt_override_path=/home/sagemaker-user/RFantibody_partialflow/weights/RFdiffusion_Ab.pt 'contigmap.contigs=[H1-25/5-9/H33-51/4-8/H58-98/8-12/H109-121/0 L122-144/9-13/L156-170/5-9/L178-209/7-11/L219-231/0 T232-563]' 'ppi.hotspot_res=[T393,T396,T397,T401,T450,T518]'
[DEBUG] inference.input_pdb in cmd: ['inference.input_pdb=/home/sagemaker-user/RFantibody_partialflow/IL1RAP_5I1A_benchmark_parallel_igdesign/arm_C_beam_no_anchor/_beam_work/input_renumbered.pdb']
    [WARN] rfdiffusion failed:
f_conf.input_pdb)
  File "/home/sagemaker-user/RFantibody_partialflow/src/rfantibody/rfdiffusion/inference/ab_pose.py", line 265, in from_HLT
    pose = HLT_pdb_parser(pdb_path)
  File "/home/sagemaker-user/RFantibody_partialflow/src/rfantibody/rfdiffusion/parsers.py", line 214, in HLT_pdb_parser
    with open(path,'r') as f:
FileNotFoundError: [Errno 2] No such file or directory: '/home/sagemaker-user/RFantibody_partialflow/IL1RAP_5I1A_benchmark_parallel_igdesign/arm_C_beam_no_anchor/_beam_work/input_renumbered.pdb'

Set the environment variable HYDRA_FULL_ERROR=1 for a complete stack trace.

FAILED (rfdiffusion)
    rollout cp=0 parent=-1 child=81: rfdiffusion… [DEBUG run_denovo_round] input_pdb=/home/sagemaker-user/RFantibody_partialflow/IL1RAP_5I1A_benchmark_parallel_igdesign/arm_C_beam_no_anchor/_beam_work/input_renumbered.pdb
[DEBUG run_denovo_round] original_pdb=/home/sagemaker-user/RFantibody_partialflow/IL1RAP_5I1A_benchmark_parallel_igdesign/arm_C_beam_no_anchor/_beam_work/input_renumbered.pdb
[DEBUG] RFdiffusion command:
/home/sagemaker-user/RFantibody_partialflow/.venv/bin/python /home/sagemaker-user/RFantibody_partialflow/src/rfantibody/rfdiffusion/rfdiffusion_inference.py inference.input_pdb=/home/sagemaker-user/RFantibody_partialflow/IL1RAP_5I1A_benchmark_parallel_igdesign/arm_C_beam_no_anchor/_beam_work/input_renumbered.pdb inference.output_prefix=/home/sagemaker-user/RFantibody_partialflow/IL1RAP_5I1A_benchmark_parallel_igdesign/arm_C_beam_no_anchor/_beam_work/cp00_n0081_rfd inference.num_designs=1 inference.ckpt_override_path=/home/sagemaker-user/RFantibody_partialflow/weights/RFdiffusion_Ab.pt 'contigmap.contigs=[H1-25/5-9/H33-51/4-8/H58-98/8-12/H109-121/0 L122-144/9-13/L156-170/5-9/L178-209/7-11/L219-231/0 T232-563]' 'ppi.hotspot_res=[T393,T396,T397,T401,T450,T518]'
[DEBUG] inference.input_pdb in cmd: ['inference.input_pdb=/home/sagemaker-user/RFantibody_partialflow/IL1RAP_5I1A_benchmark_parallel_igdesign/arm_C_beam_no_anchor/_beam_work/input_renumbered.pdb']
    [WARN] rfdiffusion failed:
f_conf.input_pdb)
  File "/home/sagemaker-user/RFantibody_partialflow/src/rfantibody/rfdiffusion/inference/ab_pose.py", line 265, in from_HLT
    pose = HLT_pdb_parser(pdb_path)
  File "/home/sagemaker-user/RFantibody_partialflow/src/rfantibody/rfdiffusion/parsers.py", line 214, in HLT_pdb_parser
    with open(path,'r') as f:
FileNotFoundError: [Errno 2] No such file or directory: '/home/sagemaker-user/RFantibody_partialflow/IL1RAP_5I1A_benchmark_parallel_igdesign/arm_C_beam_no_anchor/_beam_work/input_renumbered.pdb'

Set the environment variable HYDRA_FULL_ERROR=1 for a complete stack trace.

FAILED (rfdiffusion)
    rollout cp=0 parent=-1 child=82: rfdiffusion… [DEBUG run_denovo_round] input_pdb=/home/sagemaker-user/RFantibody_partialflow/IL1RAP_5I1A_benchmark_parallel_igdesign/arm_C_beam_no_anchor/_beam_work/input_renumbered.pdb
[DEBUG run_denovo_round] original_pdb=/home/sagemaker-user/RFantibody_partialflow/IL1RAP_5I1A_benchmark_parallel_igdesign/arm_C_beam_no_anchor/_beam_work/input_renumbered.pdb
[DEBUG] RFdiffusion command:
/home/sagemaker-user/RFantibody_partialflow/.venv/bin/python /home/sagemaker-user/RFantibody_partialflow/src/rfantibody/rfdiffusion/rfdiffusion_inference.py inference.input_pdb=/home/sagemaker-user/RFantibody_partialflow/IL1RAP_5I1A_benchmark_parallel_igdesign/arm_C_beam_no_anchor/_beam_work/input_renumbered.pdb inference.output_prefix=/home/sagemaker-user/RFantibody_partialflow/IL1RAP_5I1A_benchmark_parallel_igdesign/arm_C_beam_no_anchor/_beam_work/cp00_n0082_rfd inference.num_designs=1 inference.ckpt_override_path=/home/sagemaker-user/RFantibody_partialflow/weights/RFdiffusion_Ab.pt 'contigmap.contigs=[H1-25/5-9/H33-51/4-8/H58-98/8-12/H109-121/0 L122-144/9-13/L156-170/5-9/L178-209/7-11/L219-231/0 T232-563]' 'ppi.hotspot_res=[T393,T396,T397,T401,T450,T518]'
[DEBUG] inference.input_pdb in cmd: ['inference.input_pdb=/home/sagemaker-user/RFantibody_partialflow/IL1RAP_5I1A_benchmark_parallel_igdesign/arm_C_beam_no_anchor/_beam_work/input_renumbered.pdb']
    [WARN] rfdiffusion failed:
f_conf.input_pdb)
  File "/home/sagemaker-user/RFantibody_partialflow/src/rfantibody/rfdiffusion/inference/ab_pose.py", line 265, in from_HLT
    pose = HLT_pdb_parser(pdb_path)
  File "/home/sagemaker-user/RFantibody_partialflow/src/rfantibody/rfdiffusion/parsers.py", line 214, in HLT_pdb_parser
    with open(path,'r') as f:
FileNotFoundError: [Errno 2] No such file or directory: '/home/sagemaker-user/RFantibody_partialflow/IL1RAP_5I1A_benchmark_parallel_igdesign/arm_C_beam_no_anchor/_beam_work/input_renumbered.pdb'

Set the environment variable HYDRA_FULL_ERROR=1 for a complete stack trace.

FAILED (rfdiffusion)
    rollout cp=0 parent=-1 child=83: rfdiffusion… [DEBUG run_denovo_round] input_pdb=/home/sagemaker-user/RFantibody_partialflow/IL1RAP_5I1A_benchmark_parallel_igdesign/arm_C_beam_no_anchor/_beam_work/input_renumbered.pdb
[DEBUG run_denovo_round] original_pdb=/home/sagemaker-user/RFantibody_partialflow/IL1RAP_5I1A_benchmark_parallel_igdesign/arm_C_beam_no_anchor/_beam_work/input_renumbered.pdb
[DEBUG] RFdiffusion command:
/home/sagemaker-user/RFantibody_partialflow/.venv/bin/python /home/sagemaker-user/RFantibody_partialflow/src/rfantibody/rfdiffusion/rfdiffusion_inference.py inference.input_pdb=/home/sagemaker-user/RFantibody_partialflow/IL1RAP_5I1A_benchmark_parallel_igdesign/arm_C_beam_no_anchor/_beam_work/input_renumbered.pdb inference.output_prefix=/home/sagemaker-user/RFantibody_partialflow/IL1RAP_5I1A_benchmark_parallel_igdesign/arm_C_beam_no_anchor/_beam_work/cp00_n0083_rfd inference.num_designs=1 inference.ckpt_override_path=/home/sagemaker-user/RFantibody_partialflow/weights/RFdiffusion_Ab.pt 'contigmap.contigs=[H1-25/5-9/H33-51/4-8/H58-98/8-12/H109-121/0 L122-144/9-13/L156-170/5-9/L178-209/7-11/L219-231/0 T232-563]' 'ppi.hotspot_res=[T393,T396,T397,T401,T450,T518]'
[DEBUG] inference.input_pdb in cmd: ['inference.input_pdb=/home/sagemaker-user/RFantibody_partialflow/IL1RAP_5I1A_benchmark_parallel_igdesign/arm_C_beam_no_anchor/_beam_work/input_renumbered.pdb']
    [WARN] rfdiffusion failed:
f_conf.input_pdb)
  File "/home/sagemaker-user/RFantibody_partialflow/src/rfantibody/rfdiffusion/inference/ab_pose.py", line 265, in from_HLT
    pose = HLT_pdb_parser(pdb_path)
  File "/home/sagemaker-user/RFantibody_partialflow/src/rfantibody/rfdiffusion/parsers.py", line 214, in HLT_pdb_parser
    with open(path,'r') as f:
FileNotFoundError: [Errno 2] No such file or directory: '/home/sagemaker-user/RFantibody_partialflow/IL1RAP_5I1A_benchmark_parallel_igdesign/arm_C_beam_no_anchor/_beam_work/input_renumbered.pdb'

Set the environment variable HYDRA_FULL_ERROR=1 for a complete stack trace.

FAILED (rfdiffusion)
    rollout cp=0 parent=-1 child=84: rfdiffusion… [DEBUG run_denovo_round] input_pdb=/home/sagemaker-user/RFantibody_partialflow/IL1RAP_5I1A_benchmark_parallel_igdesign/arm_C_beam_no_anchor/_beam_work/input_renumbered.pdb
[DEBUG run_denovo_round] original_pdb=/home/sagemaker-user/RFantibody_partialflow/IL1RAP_5I1A_benchmark_parallel_igdesign/arm_C_beam_no_anchor/_beam_work/input_renumbered.pdb
[DEBUG] RFdiffusion command:
/home/sagemaker-user/RFantibody_partialflow/.venv/bin/python /home/sagemaker-user/RFantibody_partialflow/src/rfantibody/rfdiffusion/rfdiffusion_inference.py inference.input_pdb=/home/sagemaker-user/RFantibody_partialflow/IL1RAP_5I1A_benchmark_parallel_igdesign/arm_C_beam_no_anchor/_beam_work/input_renumbered.pdb inference.output_prefix=/home/sagemaker-user/RFantibody_partialflow/IL1RAP_5I1A_benchmark_parallel_igdesign/arm_C_beam_no_anchor/_beam_work/cp00_n0084_rfd inference.num_designs=1 inference.ckpt_override_path=/home/sagemaker-user/RFantibody_partialflow/weights/RFdiffusion_Ab.pt 'contigmap.contigs=[H1-25/5-9/H33-51/4-8/H58-98/8-12/H109-121/0 L122-144/9-13/L156-170/5-9/L178-209/7-11/L219-231/0 T232-563]' 'ppi.hotspot_res=[T393,T396,T397,T401,T450,T518]'
[DEBUG] inference.input_pdb in cmd: ['inference.input_pdb=/home/sagemaker-user/RFantibody_partialflow/IL1RAP_5I1A_benchmark_parallel_igdesign/arm_C_beam_no_anchor/_beam_work/input_renumbered.pdb']
    [WARN] rfdiffusion failed:
f_conf.input_pdb)
  File "/home/sagemaker-user/RFantibody_partialflow/src/rfantibody/rfdiffusion/inference/ab_pose.py", line 265, in from_HLT
    pose = HLT_pdb_parser(pdb_path)
  File "/home/sagemaker-user/RFantibody_partialflow/src/rfantibody/rfdiffusion/parsers.py", line 214, in HLT_pdb_parser
    with open(path,'r') as f:
FileNotFoundError: [Errno 2] No such file or directory: '/home/sagemaker-user/RFantibody_partialflow/IL1RAP_5I1A_benchmark_parallel_igdesign/arm_C_beam_no_anchor/_beam_work/input_renumbered.pdb'

Set the environment variable HYDRA_FULL_ERROR=1 for a complete stack trace.

FAILED (rfdiffusion)
    rollout cp=0 parent=-1 child=85: rfdiffusion… [DEBUG run_denovo_round] input_pdb=/home/sagemaker-user/RFantibody_partialflow/IL1RAP_5I1A_benchmark_parallel_igdesign/arm_C_beam_no_anchor/_beam_work/input_renumbered.pdb
[DEBUG run_denovo_round] original_pdb=/home/sagemaker-user/RFantibody_partialflow/IL1RAP_5I1A_benchmark_parallel_igdesign/arm_C_beam_no_anchor/_beam_work/input_renumbered.pdb
[DEBUG] RFdiffusion command:
/home/sagemaker-user/RFantibody_partialflow/.venv/bin/python /home/sagemaker-user/RFantibody_partialflow/src/rfantibody/rfdiffusion/rfdiffusion_inference.py inference.input_pdb=/home/sagemaker-user/RFantibody_partialflow/IL1RAP_5I1A_benchmark_parallel_igdesign/arm_C_beam_no_anchor/_beam_work/input_renumbered.pdb inference.output_prefix=/home/sagemaker-user/RFantibody_partialflow/IL1RAP_5I1A_benchmark_parallel_igdesign/arm_C_beam_no_anchor/_beam_work/cp00_n0085_rfd inference.num_designs=1 inference.ckpt_override_path=/home/sagemaker-user/RFantibody_partialflow/weights/RFdiffusion_Ab.pt 'contigmap.contigs=[H1-25/5-9/H33-51/4-8/H58-98/8-12/H109-121/0 L122-144/9-13/L156-170/5-9/L178-209/7-11/L219-231/0 T232-563]' 'ppi.hotspot_res=[T393,T396,T397,T401,T450,T518]'
[DEBUG] inference.input_pdb in cmd: ['inference.input_pdb=/home/sagemaker-user/RFantibody_partialflow/IL1RAP_5I1A_benchmark_parallel_igdesign/arm_C_beam_no_anchor/_beam_work/input_renumbered.pdb']
    [WARN] rfdiffusion failed:
f_conf.input_pdb)
  File "/home/sagemaker-user/RFantibody_partialflow/src/rfantibody/rfdiffusion/inference/ab_pose.py", line 265, in from_HLT
    pose = HLT_pdb_parser(pdb_path)
  File "/home/sagemaker-user/RFantibody_partialflow/src/rfantibody/rfdiffusion/parsers.py", line 214, in HLT_pdb_parser
    with open(path,'r') as f:
FileNotFoundError: [Errno 2] No such file or directory: '/home/sagemaker-user/RFantibody_partialflow/IL1RAP_5I1A_benchmark_parallel_igdesign/arm_C_beam_no_anchor/_beam_work/input_renumbered.pdb'

Set the environment variable HYDRA_FULL_ERROR=1 for a complete stack trace.

FAILED (rfdiffusion)
    rollout cp=0 parent=-1 child=86: rfdiffusion… [DEBUG run_denovo_round] input_pdb=/home/sagemaker-user/RFantibody_partialflow/IL1RAP_5I1A_benchmark_parallel_igdesign/arm_C_beam_no_anchor/_beam_work/input_renumbered.pdb
[DEBUG run_denovo_round] original_pdb=/home/sagemaker-user/RFantibody_partialflow/IL1RAP_5I1A_benchmark_parallel_igdesign/arm_C_beam_no_anchor/_beam_work/input_renumbered.pdb
[DEBUG] RFdiffusion command:
/home/sagemaker-user/RFantibody_partialflow/.venv/bin/python /home/sagemaker-user/RFantibody_partialflow/src/rfantibody/rfdiffusion/rfdiffusion_inference.py inference.input_pdb=/home/sagemaker-user/RFantibody_partialflow/IL1RAP_5I1A_benchmark_parallel_igdesign/arm_C_beam_no_anchor/_beam_work/input_renumbered.pdb inference.output_prefix=/home/sagemaker-user/RFantibody_partialflow/IL1RAP_5I1A_benchmark_parallel_igdesign/arm_C_beam_no_anchor/_beam_work/cp00_n0086_rfd inference.num_designs=1 inference.ckpt_override_path=/home/sagemaker-user/RFantibody_partialflow/weights/RFdiffusion_Ab.pt 'contigmap.contigs=[H1-25/5-9/H33-51/4-8/H58-98/8-12/H109-121/0 L122-144/9-13/L156-170/5-9/L178-209/7-11/L219-231/0 T232-563]' 'ppi.hotspot_res=[T393,T396,T397,T401,T450,T518]'
[DEBUG] inference.input_pdb in cmd: ['inference.input_pdb=/home/sagemaker-user/RFantibody_partialflow/IL1RAP_5I1A_benchmark_parallel_igdesign/arm_C_beam_no_anchor/_beam_work/input_renumbered.pdb']
    [WARN] rfdiffusion failed:
f_conf.input_pdb)
  File "/home/sagemaker-user/RFantibody_partialflow/src/rfantibody/rfdiffusion/inference/ab_pose.py", line 265, in from_HLT
    pose = HLT_pdb_parser(pdb_path)
  File "/home/sagemaker-user/RFantibody_partialflow/src/rfantibody/rfdiffusion/parsers.py", line 214, in HLT_pdb_parser
    with open(path,'r') as f:
FileNotFoundError: [Errno 2] No such file or directory: '/home/sagemaker-user/RFantibody_partialflow/IL1RAP_5I1A_benchmark_parallel_igdesign/arm_C_beam_no_anchor/_beam_work/input_renumbered.pdb'

Set the environment variable HYDRA_FULL_ERROR=1 for a complete stack trace.

FAILED (rfdiffusion)
    rollout cp=0 parent=-1 child=87: rfdiffusion… [DEBUG run_denovo_round] input_pdb=/home/sagemaker-user/RFantibody_partialflow/IL1RAP_5I1A_benchmark_parallel_igdesign/arm_C_beam_no_anchor/_beam_work/input_renumbered.pdb
[DEBUG run_denovo_round] original_pdb=/home/sagemaker-user/RFantibody_partialflow/IL1RAP_5I1A_benchmark_parallel_igdesign/arm_C_beam_no_anchor/_beam_work/input_renumbered.pdb
[DEBUG] RFdiffusion command:
/home/sagemaker-user/RFantibody_partialflow/.venv/bin/python /home/sagemaker-user/RFantibody_partialflow/src/rfantibody/rfdiffusion/rfdiffusion_inference.py inference.input_pdb=/home/sagemaker-user/RFantibody_partialflow/IL1RAP_5I1A_benchmark_parallel_igdesign/arm_C_beam_no_anchor/_beam_work/input_renumbered.pdb inference.output_prefix=/home/sagemaker-user/RFantibody_partialflow/IL1RAP_5I1A_benchmark_parallel_igdesign/arm_C_beam_no_anchor/_beam_work/cp00_n0087_rfd inference.num_designs=1 inference.ckpt_override_path=/home/sagemaker-user/RFantibody_partialflow/weights/RFdiffusion_Ab.pt 'contigmap.contigs=[H1-25/5-9/H33-51/4-8/H58-98/8-12/H109-121/0 L122-144/9-13/L156-170/5-9/L178-209/7-11/L219-231/0 T232-563]' 'ppi.hotspot_res=[T393,T396,T397,T401,T450,T518]'
[DEBUG] inference.input_pdb in cmd: ['inference.input_pdb=/home/sagemaker-user/RFantibody_partialflow/IL1RAP_5I1A_benchmark_parallel_igdesign/arm_C_beam_no_anchor/_beam_work/input_renumbered.pdb']
    [WARN] rfdiffusion failed:
f_conf.input_pdb)
  File "/home/sagemaker-user/RFantibody_partialflow/src/rfantibody/rfdiffusion/inference/ab_pose.py", line 265, in from_HLT
    pose = HLT_pdb_parser(pdb_path)
  File "/home/sagemaker-user/RFantibody_partialflow/src/rfantibody/rfdiffusion/parsers.py", line 214, in HLT_pdb_parser
    with open(path,'r') as f:
FileNotFoundError: [Errno 2] No such file or directory: '/home/sagemaker-user/RFantibody_partialflow/IL1RAP_5I1A_benchmark_parallel_igdesign/arm_C_beam_no_anchor/_beam_work/input_renumbered.pdb'

Set the environment variable HYDRA_FULL_ERROR=1 for a complete stack trace.

FAILED (rfdiffusion)
    rollout cp=0 parent=-1 child=88: rfdiffusion… [DEBUG run_denovo_round] input_pdb=/home/sagemaker-user/RFantibody_partialflow/IL1RAP_5I1A_benchmark_parallel_igdesign/arm_C_beam_no_anchor/_beam_work/input_renumbered.pdb
[DEBUG run_denovo_round] original_pdb=/home/sagemaker-user/RFantibody_partialflow/IL1RAP_5I1A_benchmark_parallel_igdesign/arm_C_beam_no_anchor/_beam_work/input_renumbered.pdb
[DEBUG] RFdiffusion command:
/home/sagemaker-user/RFantibody_partialflow/.venv/bin/python /home/sagemaker-user/RFantibody_partialflow/src/rfantibody/rfdiffusion/rfdiffusion_inference.py inference.input_pdb=/home/sagemaker-user/RFantibody_partialflow/IL1RAP_5I1A_benchmark_parallel_igdesign/arm_C_beam_no_anchor/_beam_work/input_renumbered.pdb inference.output_prefix=/home/sagemaker-user/RFantibody_partialflow/IL1RAP_5I1A_benchmark_parallel_igdesign/arm_C_beam_no_anchor/_beam_work/cp00_n0088_rfd inference.num_designs=1 inference.ckpt_override_path=/home/sagemaker-user/RFantibody_partialflow/weights/RFdiffusion_Ab.pt 'contigmap.contigs=[H1-25/5-9/H33-51/4-8/H58-98/8-12/H109-121/0 L122-144/9-13/L156-170/5-9/L178-209/7-11/L219-231/0 T232-563]' 'ppi.hotspot_res=[T393,T396,T397,T401,T450,T518]'
[DEBUG] inference.input_pdb in cmd: ['inference.input_pdb=/home/sagemaker-user/RFantibody_partialflow/IL1RAP_5I1A_benchmark_parallel_igdesign/arm_C_beam_no_anchor/_beam_work/input_renumbered.pdb']
    [WARN] rfdiffusion failed:
f_conf.input_pdb)
  File "/home/sagemaker-user/RFantibody_partialflow/src/rfantibody/rfdiffusion/inference/ab_pose.py", line 265, in from_HLT
    pose = HLT_pdb_parser(pdb_path)
  File "/home/sagemaker-user/RFantibody_partialflow/src/rfantibody/rfdiffusion/parsers.py", line 214, in HLT_pdb_parser
    with open(path,'r') as f:
FileNotFoundError: [Errno 2] No such file or directory: '/home/sagemaker-user/RFantibody_partialflow/IL1RAP_5I1A_benchmark_parallel_igdesign/arm_C_beam_no_anchor/_beam_work/input_renumbered.pdb'

Set the environment variable HYDRA_FULL_ERROR=1 for a complete stack trace.

FAILED (rfdiffusion)
    rollout cp=0 parent=-1 child=89: rfdiffusion… [DEBUG run_denovo_round] input_pdb=/home/sagemaker-user/RFantibody_partialflow/IL1RAP_5I1A_benchmark_parallel_igdesign/arm_C_beam_no_anchor/_beam_work/input_renumbered.pdb
[DEBUG run_denovo_round] original_pdb=/home/sagemaker-user/RFantibody_partialflow/IL1RAP_5I1A_benchmark_parallel_igdesign/arm_C_beam_no_anchor/_beam_work/input_renumbered.pdb
[DEBUG] RFdiffusion command:
/home/sagemaker-user/RFantibody_partialflow/.venv/bin/python /home/sagemaker-user/RFantibody_partialflow/src/rfantibody/rfdiffusion/rfdiffusion_inference.py inference.input_pdb=/home/sagemaker-user/RFantibody_partialflow/IL1RAP_5I1A_benchmark_parallel_igdesign/arm_C_beam_no_anchor/_beam_work/input_renumbered.pdb inference.output_prefix=/home/sagemaker-user/RFantibody_partialflow/IL1RAP_5I1A_benchmark_parallel_igdesign/arm_C_beam_no_anchor/_beam_work/cp00_n0089_rfd inference.num_designs=1 inference.ckpt_override_path=/home/sagemaker-user/RFantibody_partialflow/weights/RFdiffusion_Ab.pt 'contigmap.contigs=[H1-25/5-9/H33-51/4-8/H58-98/8-12/H109-121/0 L122-144/9-13/L156-170/5-9/L178-209/7-11/L219-231/0 T232-563]' 'ppi.hotspot_res=[T393,T396,T397,T401,T450,T518]'
[DEBUG] inference.input_pdb in cmd: ['inference.input_pdb=/home/sagemaker-user/RFantibody_partialflow/IL1RAP_5I1A_benchmark_parallel_igdesign/arm_C_beam_no_anchor/_beam_work/input_renumbered.pdb']
    [WARN] rfdiffusion failed:
f_conf.input_pdb)
  File "/home/sagemaker-user/RFantibody_partialflow/src/rfantibody/rfdiffusion/inference/ab_pose.py", line 265, in from_HLT
    pose = HLT_pdb_parser(pdb_path)
  File "/home/sagemaker-user/RFantibody_partialflow/src/rfantibody/rfdiffusion/parsers.py", line 214, in HLT_pdb_parser
    with open(path,'r') as f:
FileNotFoundError: [Errno 2] No such file or directory: '/home/sagemaker-user/RFantibody_partialflow/IL1RAP_5I1A_benchmark_parallel_igdesign/arm_C_beam_no_anchor/_beam_work/input_renumbered.pdb'

Set the environment variable HYDRA_FULL_ERROR=1 for a complete stack trace.

FAILED (rfdiffusion)
    rollout cp=0 parent=-1 child=90: rfdiffusion… [DEBUG run_denovo_round] input_pdb=/home/sagemaker-user/RFantibody_partialflow/IL1RAP_5I1A_benchmark_parallel_igdesign/arm_C_beam_no_anchor/_beam_work/input_renumbered.pdb
[DEBUG run_denovo_round] original_pdb=/home/sagemaker-user/RFantibody_partialflow/IL1RAP_5I1A_benchmark_parallel_igdesign/arm_C_beam_no_anchor/_beam_work/input_renumbered.pdb
[DEBUG] RFdiffusion command:
/home/sagemaker-user/RFantibody_partialflow/.venv/bin/python /home/sagemaker-user/RFantibody_partialflow/src/rfantibody/rfdiffusion/rfdiffusion_inference.py inference.input_pdb=/home/sagemaker-user/RFantibody_partialflow/IL1RAP_5I1A_benchmark_parallel_igdesign/arm_C_beam_no_anchor/_beam_work/input_renumbered.pdb inference.output_prefix=/home/sagemaker-user/RFantibody_partialflow/IL1RAP_5I1A_benchmark_parallel_igdesign/arm_C_beam_no_anchor/_beam_work/cp00_n0090_rfd inference.num_designs=1 inference.ckpt_override_path=/home/sagemaker-user/RFantibody_partialflow/weights/RFdiffusion_Ab.pt 'contigmap.contigs=[H1-25/5-9/H33-51/4-8/H58-98/8-12/H109-121/0 L122-144/9-13/L156-170/5-9/L178-209/7-11/L219-231/0 T232-563]' 'ppi.hotspot_res=[T393,T396,T397,T401,T450,T518]'
[DEBUG] inference.input_pdb in cmd: ['inference.input_pdb=/home/sagemaker-user/RFantibody_partialflow/IL1RAP_5I1A_benchmark_parallel_igdesign/arm_C_beam_no_anchor/_beam_work/input_renumbered.pdb']
    [WARN] rfdiffusion failed:
f_conf.input_pdb)
  File "/home/sagemaker-user/RFantibody_partialflow/src/rfantibody/rfdiffusion/inference/ab_pose.py", line 265, in from_HLT
    pose = HLT_pdb_parser(pdb_path)
  File "/home/sagemaker-user/RFantibody_partialflow/src/rfantibody/rfdiffusion/parsers.py", line 214, in HLT_pdb_parser
    with open(path,'r') as f:
FileNotFoundError: [Errno 2] No such file or directory: '/home/sagemaker-user/RFantibody_partialflow/IL1RAP_5I1A_benchmark_parallel_igdesign/arm_C_beam_no_anchor/_beam_work/input_renumbered.pdb'

Set the environment variable HYDRA_FULL_ERROR=1 for a complete stack trace.

FAILED (rfdiffusion)
    rollout cp=0 parent=-1 child=91: rfdiffusion… [DEBUG run_denovo_round] input_pdb=/home/sagemaker-user/RFantibody_partialflow/IL1RAP_5I1A_benchmark_parallel_igdesign/arm_C_beam_no_anchor/_beam_work/input_renumbered.pdb
[DEBUG run_denovo_round] original_pdb=/home/sagemaker-user/RFantibody_partialflow/IL1RAP_5I1A_benchmark_parallel_igdesign/arm_C_beam_no_anchor/_beam_work/input_renumbered.pdb
[DEBUG] RFdiffusion command:
/home/sagemaker-user/RFantibody_partialflow/.venv/bin/python /home/sagemaker-user/RFantibody_partialflow/src/rfantibody/rfdiffusion/rfdiffusion_inference.py inference.input_pdb=/home/sagemaker-user/RFantibody_partialflow/IL1RAP_5I1A_benchmark_parallel_igdesign/arm_C_beam_no_anchor/_beam_work/input_renumbered.pdb inference.output_prefix=/home/sagemaker-user/RFantibody_partialflow/IL1RAP_5I1A_benchmark_parallel_igdesign/arm_C_beam_no_anchor/_beam_work/cp00_n0091_rfd inference.num_designs=1 inference.ckpt_override_path=/home/sagemaker-user/RFantibody_partialflow/weights/RFdiffusion_Ab.pt 'contigmap.contigs=[H1-25/5-9/H33-51/4-8/H58-98/8-12/H109-121/0 L122-144/9-13/L156-170/5-9/L178-209/7-11/L219-231/0 T232-563]' 'ppi.hotspot_res=[T393,T396,T397,T401,T450,T518]'
[DEBUG] inference.input_pdb in cmd: ['inference.input_pdb=/home/sagemaker-user/RFantibody_partialflow/IL1RAP_5I1A_benchmark_parallel_igdesign/arm_C_beam_no_anchor/_beam_work/input_renumbered.pdb']
    [WARN] rfdiffusion failed:
f_conf.input_pdb)
  File "/home/sagemaker-user/RFantibody_partialflow/src/rfantibody/rfdiffusion/inference/ab_pose.py", line 265, in from_HLT
    pose = HLT_pdb_parser(pdb_path)
  File "/home/sagemaker-user/RFantibody_partialflow/src/rfantibody/rfdiffusion/parsers.py", line 214, in HLT_pdb_parser
    with open(path,'r') as f:
FileNotFoundError: [Errno 2] No such file or directory: '/home/sagemaker-user/RFantibody_partialflow/IL1RAP_5I1A_benchmark_parallel_igdesign/arm_C_beam_no_anchor/_beam_work/input_renumbered.pdb'

Set the environment variable HYDRA_FULL_ERROR=1 for a complete stack trace.

FAILED (rfdiffusion)
    rollout cp=0 parent=-1 child=92: rfdiffusion… [DEBUG run_denovo_round] input_pdb=/home/sagemaker-user/RFantibody_partialflow/IL1RAP_5I1A_benchmark_parallel_igdesign/arm_C_beam_no_anchor/_beam_work/input_renumbered.pdb
[DEBUG run_denovo_round] original_pdb=/home/sagemaker-user/RFantibody_partialflow/IL1RAP_5I1A_benchmark_parallel_igdesign/arm_C_beam_no_anchor/_beam_work/input_renumbered.pdb
[DEBUG] RFdiffusion command:
/home/sagemaker-user/RFantibody_partialflow/.venv/bin/python /home/sagemaker-user/RFantibody_partialflow/src/rfantibody/rfdiffusion/rfdiffusion_inference.py inference.input_pdb=/home/sagemaker-user/RFantibody_partialflow/IL1RAP_5I1A_benchmark_parallel_igdesign/arm_C_beam_no_anchor/_beam_work/input_renumbered.pdb inference.output_prefix=/home/sagemaker-user/RFantibody_partialflow/IL1RAP_5I1A_benchmark_parallel_igdesign/arm_C_beam_no_anchor/_beam_work/cp00_n0092_rfd inference.num_designs=1 inference.ckpt_override_path=/home/sagemaker-user/RFantibody_partialflow/weights/RFdiffusion_Ab.pt 'contigmap.contigs=[H1-25/5-9/H33-51/4-8/H58-98/8-12/H109-121/0 L122-144/9-13/L156-170/5-9/L178-209/7-11/L219-231/0 T232-563]' 'ppi.hotspot_res=[T393,T396,T397,T401,T450,T518]'
[DEBUG] inference.input_pdb in cmd: ['inference.input_pdb=/home/sagemaker-user/RFantibody_partialflow/IL1RAP_5I1A_benchmark_parallel_igdesign/arm_C_beam_no_anchor/_beam_work/input_renumbered.pdb']
    [WARN] rfdiffusion failed:
f_conf.input_pdb)
  File "/home/sagemaker-user/RFantibody_partialflow/src/rfantibody/rfdiffusion/inference/ab_pose.py", line 265, in from_HLT
    pose = HLT_pdb_parser(pdb_path)
  File "/home/sagemaker-user/RFantibody_partialflow/src/rfantibody/rfdiffusion/parsers.py", line 214, in HLT_pdb_parser
    with open(path,'r') as f:
FileNotFoundError: [Errno 2] No such file or directory: '/home/sagemaker-user/RFantibody_partialflow/IL1RAP_5I1A_benchmark_parallel_igdesign/arm_C_beam_no_anchor/_beam_work/input_renumbered.pdb'

Set the environment variable HYDRA_FULL_ERROR=1 for a complete stack trace.

FAILED (rfdiffusion)
    rollout cp=0 parent=-1 child=93: rfdiffusion… [DEBUG run_denovo_round] input_pdb=/home/sagemaker-user/RFantibody_partialflow/IL1RAP_5I1A_benchmark_parallel_igdesign/arm_C_beam_no_anchor/_beam_work/input_renumbered.pdb
[DEBUG run_denovo_round] original_pdb=/home/sagemaker-user/RFantibody_partialflow/IL1RAP_5I1A_benchmark_parallel_igdesign/arm_C_beam_no_anchor/_beam_work/input_renumbered.pdb
[DEBUG] RFdiffusion command:
/home/sagemaker-user/RFantibody_partialflow/.venv/bin/python /home/sagemaker-user/RFantibody_partialflow/src/rfantibody/rfdiffusion/rfdiffusion_inference.py inference.input_pdb=/home/sagemaker-user/RFantibody_partialflow/IL1RAP_5I1A_benchmark_parallel_igdesign/arm_C_beam_no_anchor/_beam_work/input_renumbered.pdb inference.output_prefix=/home/sagemaker-user/RFantibody_partialflow/IL1RAP_5I1A_benchmark_parallel_igdesign/arm_C_beam_no_anchor/_beam_work/cp00_n0093_rfd inference.num_designs=1 inference.ckpt_override_path=/home/sagemaker-user/RFantibody_partialflow/weights/RFdiffusion_Ab.pt 'contigmap.contigs=[H1-25/5-9/H33-51/4-8/H58-98/8-12/H109-121/0 L122-144/9-13/L156-170/5-9/L178-209/7-11/L219-231/0 T232-563]' 'ppi.hotspot_res=[T393,T396,T397,T401,T450,T518]'
[DEBUG] inference.input_pdb in cmd: ['inference.input_pdb=/home/sagemaker-user/RFantibody_partialflow/IL1RAP_5I1A_benchmark_parallel_igdesign/arm_C_beam_no_anchor/_beam_work/input_renumbered.pdb']
    [WARN] rfdiffusion failed:
f_conf.input_pdb)
  File "/home/sagemaker-user/RFantibody_partialflow/src/rfantibody/rfdiffusion/inference/ab_pose.py", line 265, in from_HLT
    pose = HLT_pdb_parser(pdb_path)
  File "/home/sagemaker-user/RFantibody_partialflow/src/rfantibody/rfdiffusion/parsers.py", line 214, in HLT_pdb_parser
    with open(path,'r') as f:
FileNotFoundError: [Errno 2] No such file or directory: '/home/sagemaker-user/RFantibody_partialflow/IL1RAP_5I1A_benchmark_parallel_igdesign/arm_C_beam_no_anchor/_beam_work/input_renumbered.pdb'

Set the environment variable HYDRA_FULL_ERROR=1 for a complete stack trace.

FAILED (rfdiffusion)
    rollout cp=0 parent=-1 child=94: rfdiffusion… [DEBUG run_denovo_round] input_pdb=/home/sagemaker-user/RFantibody_partialflow/IL1RAP_5I1A_benchmark_parallel_igdesign/arm_C_beam_no_anchor/_beam_work/input_renumbered.pdb
[DEBUG run_denovo_round] original_pdb=/home/sagemaker-user/RFantibody_partialflow/IL1RAP_5I1A_benchmark_parallel_igdesign/arm_C_beam_no_anchor/_beam_work/input_renumbered.pdb
[DEBUG] RFdiffusion command:
/home/sagemaker-user/RFantibody_partialflow/.venv/bin/python /home/sagemaker-user/RFantibody_partialflow/src/rfantibody/rfdiffusion/rfdiffusion_inference.py inference.input_pdb=/home/sagemaker-user/RFantibody_partialflow/IL1RAP_5I1A_benchmark_parallel_igdesign/arm_C_beam_no_anchor/_beam_work/input_renumbered.pdb inference.output_prefix=/home/sagemaker-user/RFantibody_partialflow/IL1RAP_5I1A_benchmark_parallel_igdesign/arm_C_beam_no_anchor/_beam_work/cp00_n0094_rfd inference.num_designs=1 inference.ckpt_override_path=/home/sagemaker-user/RFantibody_partialflow/weights/RFdiffusion_Ab.pt 'contigmap.contigs=[H1-25/5-9/H33-51/4-8/H58-98/8-12/H109-121/0 L122-144/9-13/L156-170/5-9/L178-209/7-11/L219-231/0 T232-563]' 'ppi.hotspot_res=[T393,T396,T397,T401,T450,T518]'
[DEBUG] inference.input_pdb in cmd: ['inference.input_pdb=/home/sagemaker-user/RFantibody_partialflow/IL1RAP_5I1A_benchmark_parallel_igdesign/arm_C_beam_no_anchor/_beam_work/input_renumbered.pdb']
    [WARN] rfdiffusion failed:
f_conf.input_pdb)
  File "/home/sagemaker-user/RFantibody_partialflow/src/rfantibody/rfdiffusion/inference/ab_pose.py", line 265, in from_HLT
    pose = HLT_pdb_parser(pdb_path)
  File "/home/sagemaker-user/RFantibody_partialflow/src/rfantibody/rfdiffusion/parsers.py", line 214, in HLT_pdb_parser
    with open(path,'r') as f:
FileNotFoundError: [Errno 2] No such file or directory: '/home/sagemaker-user/RFantibody_partialflow/IL1RAP_5I1A_benchmark_parallel_igdesign/arm_C_beam_no_anchor/_beam_work/input_renumbered.pdb'

Set the environment variable HYDRA_FULL_ERROR=1 for a complete stack trace.

FAILED (rfdiffusion)
    rollout cp=0 parent=-1 child=95: rfdiffusion… [DEBUG run_denovo_round] input_pdb=/home/sagemaker-user/RFantibody_partialflow/IL1RAP_5I1A_benchmark_parallel_igdesign/arm_C_beam_no_anchor/_beam_work/input_renumbered.pdb
[DEBUG run_denovo_round] original_pdb=/home/sagemaker-user/RFantibody_partialflow/IL1RAP_5I1A_benchmark_parallel_igdesign/arm_C_beam_no_anchor/_beam_work/input_renumbered.pdb
[DEBUG] RFdiffusion command:
/home/sagemaker-user/RFantibody_partialflow/.venv/bin/python /home/sagemaker-user/RFantibody_partialflow/src/rfantibody/rfdiffusion/rfdiffusion_inference.py inference.input_pdb=/home/sagemaker-user/RFantibody_partialflow/IL1RAP_5I1A_benchmark_parallel_igdesign/arm_C_beam_no_anchor/_beam_work/input_renumbered.pdb inference.output_prefix=/home/sagemaker-user/RFantibody_partialflow/IL1RAP_5I1A_benchmark_parallel_igdesign/arm_C_beam_no_anchor/_beam_work/cp00_n0095_rfd inference.num_designs=1 inference.ckpt_override_path=/home/sagemaker-user/RFantibody_partialflow/weights/RFdiffusion_Ab.pt 'contigmap.contigs=[H1-25/5-9/H33-51/4-8/H58-98/8-12/H109-121/0 L122-144/9-13/L156-170/5-9/L178-209/7-11/L219-231/0 T232-563]' 'ppi.hotspot_res=[T393,T396,T397,T401,T450,T518]'
[DEBUG] inference.input_pdb in cmd: ['inference.input_pdb=/home/sagemaker-user/RFantibody_partialflow/IL1RAP_5I1A_benchmark_parallel_igdesign/arm_C_beam_no_anchor/_beam_work/input_renumbered.pdb']
    [WARN] rfdiffusion failed:
f_conf.input_pdb)
  File "/home/sagemaker-user/RFantibody_partialflow/src/rfantibody/rfdiffusion/inference/ab_pose.py", line 265, in from_HLT
    pose = HLT_pdb_parser(pdb_path)
  File "/home/sagemaker-user/RFantibody_partialflow/src/rfantibody/rfdiffusion/parsers.py", line 214, in HLT_pdb_parser
    with open(path,'r') as f:
FileNotFoundError: [Errno 2] No such file or directory: '/home/sagemaker-user/RFantibody_partialflow/IL1RAP_5I1A_benchmark_parallel_igdesign/arm_C_beam_no_anchor/_beam_work/input_renumbered.pdb'

Set the environment variable HYDRA_FULL_ERROR=1 for a complete stack trace.

FAILED (rfdiffusion)
    rollout cp=0 parent=-1 child=96: rfdiffusion… [DEBUG run_denovo_round] input_pdb=/home/sagemaker-user/RFantibody_partialflow/IL1RAP_5I1A_benchmark_parallel_igdesign/arm_C_beam_no_anchor/_beam_work/input_renumbered.pdb
[DEBUG run_denovo_round] original_pdb=/home/sagemaker-user/RFantibody_partialflow/IL1RAP_5I1A_benchmark_parallel_igdesign/arm_C_beam_no_anchor/_beam_work/input_renumbered.pdb
[DEBUG] RFdiffusion command:
/home/sagemaker-user/RFantibody_partialflow/.venv/bin/python /home/sagemaker-user/RFantibody_partialflow/src/rfantibody/rfdiffusion/rfdiffusion_inference.py inference.input_pdb=/home/sagemaker-user/RFantibody_partialflow/IL1RAP_5I1A_benchmark_parallel_igdesign/arm_C_beam_no_anchor/_beam_work/input_renumbered.pdb inference.output_prefix=/home/sagemaker-user/RFantibody_partialflow/IL1RAP_5I1A_benchmark_parallel_igdesign/arm_C_beam_no_anchor/_beam_work/cp00_n0096_rfd inference.num_designs=1 inference.ckpt_override_path=/home/sagemaker-user/RFantibody_partialflow/weights/RFdiffusion_Ab.pt 'contigmap.contigs=[H1-25/5-9/H33-51/4-8/H58-98/8-12/H109-121/0 L122-144/9-13/L156-170/5-9/L178-209/7-11/L219-231/0 T232-563]' 'ppi.hotspot_res=[T393,T396,T397,T401,T450,T518]'
[DEBUG] inference.input_pdb in cmd: ['inference.input_pdb=/home/sagemaker-user/RFantibody_partialflow/IL1RAP_5I1A_benchmark_parallel_igdesign/arm_C_beam_no_anchor/_beam_work/input_renumbered.pdb']
    [WARN] rfdiffusion failed:
f_conf.input_pdb)
  File "/home/sagemaker-user/RFantibody_partialflow/src/rfantibody/rfdiffusion/inference/ab_pose.py", line 265, in from_HLT
    pose = HLT_pdb_parser(pdb_path)
  File "/home/sagemaker-user/RFantibody_partialflow/src/rfantibody/rfdiffusion/parsers.py", line 214, in HLT_pdb_parser
    with open(path,'r') as f:
FileNotFoundError: [Errno 2] No such file or directory: '/home/sagemaker-user/RFantibody_partialflow/IL1RAP_5I1A_benchmark_parallel_igdesign/arm_C_beam_no_anchor/_beam_work/input_renumbered.pdb'

Set the environment variable HYDRA_FULL_ERROR=1 for a complete stack trace.

FAILED (rfdiffusion)
    rollout cp=0 parent=-1 child=97: rfdiffusion… [DEBUG run_denovo_round] input_pdb=/home/sagemaker-user/RFantibody_partialflow/IL1RAP_5I1A_benchmark_parallel_igdesign/arm_C_beam_no_anchor/_beam_work/input_renumbered.pdb
[DEBUG run_denovo_round] original_pdb=/home/sagemaker-user/RFantibody_partialflow/IL1RAP_5I1A_benchmark_parallel_igdesign/arm_C_beam_no_anchor/_beam_work/input_renumbered.pdb
[DEBUG] RFdiffusion command:
/home/sagemaker-user/RFantibody_partialflow/.venv/bin/python /home/sagemaker-user/RFantibody_partialflow/src/rfantibody/rfdiffusion/rfdiffusion_inference.py inference.input_pdb=/home/sagemaker-user/RFantibody_partialflow/IL1RAP_5I1A_benchmark_parallel_igdesign/arm_C_beam_no_anchor/_beam_work/input_renumbered.pdb inference.output_prefix=/home/sagemaker-user/RFantibody_partialflow/IL1RAP_5I1A_benchmark_parallel_igdesign/arm_C_beam_no_anchor/_beam_work/cp00_n0097_rfd inference.num_designs=1 inference.ckpt_override_path=/home/sagemaker-user/RFantibody_partialflow/weights/RFdiffusion_Ab.pt 'contigmap.contigs=[H1-25/5-9/H33-51/4-8/H58-98/8-12/H109-121/0 L122-144/9-13/L156-170/5-9/L178-209/7-11/L219-231/0 T232-563]' 'ppi.hotspot_res=[T393,T396,T397,T401,T450,T518]'
[DEBUG] inference.input_pdb in cmd: ['inference.input_pdb=/home/sagemaker-user/RFantibody_partialflow/IL1RAP_5I1A_benchmark_parallel_igdesign/arm_C_beam_no_anchor/_beam_work/input_renumbered.pdb']
    [WARN] rfdiffusion failed:
f_conf.input_pdb)
  File "/home/sagemaker-user/RFantibody_partialflow/src/rfantibody/rfdiffusion/inference/ab_pose.py", line 265, in from_HLT
    pose = HLT_pdb_parser(pdb_path)
  File "/home/sagemaker-user/RFantibody_partialflow/src/rfantibody/rfdiffusion/parsers.py", line 214, in HLT_pdb_parser
    with open(path,'r') as f:
FileNotFoundError: [Errno 2] No such file or directory: '/home/sagemaker-user/RFantibody_partialflow/IL1RAP_5I1A_benchmark_parallel_igdesign/arm_C_beam_no_anchor/_beam_work/input_renumbered.pdb'

Set the environment variable HYDRA_FULL_ERROR=1 for a complete stack trace.

FAILED (rfdiffusion)
    rollout cp=0 parent=-1 child=98: rfdiffusion… [DEBUG run_denovo_round] input_pdb=/home/sagemaker-user/RFantibody_partialflow/IL1RAP_5I1A_benchmark_parallel_igdesign/arm_C_beam_no_anchor/_beam_work/input_renumbered.pdb
[DEBUG run_denovo_round] original_pdb=/home/sagemaker-user/RFantibody_partialflow/IL1RAP_5I1A_benchmark_parallel_igdesign/arm_C_beam_no_anchor/_beam_work/input_renumbered.pdb
[DEBUG] RFdiffusion command:
/home/sagemaker-user/RFantibody_partialflow/.venv/bin/python /home/sagemaker-user/RFantibody_partialflow/src/rfantibody/rfdiffusion/rfdiffusion_inference.py inference.input_pdb=/home/sagemaker-user/RFantibody_partialflow/IL1RAP_5I1A_benchmark_parallel_igdesign/arm_C_beam_no_anchor/_beam_work/input_renumbered.pdb inference.output_prefix=/home/sagemaker-user/RFantibody_partialflow/IL1RAP_5I1A_benchmark_parallel_igdesign/arm_C_beam_no_anchor/_beam_work/cp00_n0098_rfd inference.num_designs=1 inference.ckpt_override_path=/home/sagemaker-user/RFantibody_partialflow/weights/RFdiffusion_Ab.pt 'contigmap.contigs=[H1-25/5-9/H33-51/4-8/H58-98/8-12/H109-121/0 L122-144/9-13/L156-170/5-9/L178-209/7-11/L219-231/0 T232-563]' 'ppi.hotspot_res=[T393,T396,T397,T401,T450,T518]'
[DEBUG] inference.input_pdb in cmd: ['inference.input_pdb=/home/sagemaker-user/RFantibody_partialflow/IL1RAP_5I1A_benchmark_parallel_igdesign/arm_C_beam_no_anchor/_beam_work/input_renumbered.pdb']
    [WARN] rfdiffusion failed:
f_conf.input_pdb)
  File "/home/sagemaker-user/RFantibody_partialflow/src/rfantibody/rfdiffusion/inference/ab_pose.py", line 265, in from_HLT
    pose = HLT_pdb_parser(pdb_path)
  File "/home/sagemaker-user/RFantibody_partialflow/src/rfantibody/rfdiffusion/parsers.py", line 214, in HLT_pdb_parser
    with open(path,'r') as f:
FileNotFoundError: [Errno 2] No such file or directory: '/home/sagemaker-user/RFantibody_partialflow/IL1RAP_5I1A_benchmark_parallel_igdesign/arm_C_beam_no_anchor/_beam_work/input_renumbered.pdb'

Set the environment variable HYDRA_FULL_ERROR=1 for a complete stack trace.

FAILED (rfdiffusion)
    rollout cp=0 parent=-1 child=99: rfdiffusion… [DEBUG run_denovo_round] input_pdb=/home/sagemaker-user/RFantibody_partialflow/IL1RAP_5I1A_benchmark_parallel_igdesign/arm_C_beam_no_anchor/_beam_work/input_renumbered.pdb
[DEBUG run_denovo_round] original_pdb=/home/sagemaker-user/RFantibody_partialflow/IL1RAP_5I1A_benchmark_parallel_igdesign/arm_C_beam_no_anchor/_beam_work/input_renumbered.pdb
[DEBUG] RFdiffusion command:
/home/sagemaker-user/RFantibody_partialflow/.venv/bin/python /home/sagemaker-user/RFantibody_partialflow/src/rfantibody/rfdiffusion/rfdiffusion_inference.py inference.input_pdb=/home/sagemaker-user/RFantibody_partialflow/IL1RAP_5I1A_benchmark_parallel_igdesign/arm_C_beam_no_anchor/_beam_work/input_renumbered.pdb inference.output_prefix=/home/sagemaker-user/RFantibody_partialflow/IL1RAP_5I1A_benchmark_parallel_igdesign/arm_C_beam_no_anchor/_beam_work/cp00_n0099_rfd inference.num_designs=1 inference.ckpt_override_path=/home/sagemaker-user/RFantibody_partialflow/weights/RFdiffusion_Ab.pt 'contigmap.contigs=[H1-25/5-9/H33-51/4-8/H58-98/8-12/H109-121/0 L122-144/9-13/L156-170/5-9/L178-209/7-11/L219-231/0 T232-563]' 'ppi.hotspot_res=[T393,T396,T397,T401,T450,T518]'
[DEBUG] inference.input_pdb in cmd: ['inference.input_pdb=/home/sagemaker-user/RFantibody_partialflow/IL1RAP_5I1A_benchmark_parallel_igdesign/arm_C_beam_no_anchor/_beam_work/input_renumbered.pdb']
    [WARN] rfdiffusion failed:
f_conf.input_pdb)
  File "/home/sagemaker-user/RFantibody_partialflow/src/rfantibody/rfdiffusion/inference/ab_pose.py", line 265, in from_HLT
    pose = HLT_pdb_parser(pdb_path)
  File "/home/sagemaker-user/RFantibody_partialflow/src/rfantibody/rfdiffusion/parsers.py", line 214, in HLT_pdb_parser
    with open(path,'r') as f:
FileNotFoundError: [Errno 2] No such file or directory: '/home/sagemaker-user/RFantibody_partialflow/IL1RAP_5I1A_benchmark_parallel_igdesign/arm_C_beam_no_anchor/_beam_work/input_renumbered.pdb'

Set the environment variable HYDRA_FULL_ERROR=1 for a complete stack trace.

FAILED (rfdiffusion)
    [WARN] rfdiffusion failed:
f_conf.input_pdb)
  File "/home/sagemaker-user/RFantibody_partialflow/src/rfantibody/rfdiffusion/inference/ab_pose.py", line 265, in from_HLT
    pose = HLT_pdb_parser(pdb_path)
  File "/home/sagemaker-user/RFantibody_partialflow/src/rfantibody/rfdiffusion/parsers.py", line 214, in HLT_pdb_parser
    with open(path,'r') as f:
FileNotFoundError: [Errno 2] No such file or directory: '/home/sagemaker-user/RFantibody_partialflow/IL1RAP_5I1A_benchmark_parallel_igdesign/arm_C_beam_no_anchor/_beam_work/input_renumbered.pdb'

Set the environment variable HYDRA_FULL_ERROR=1 for a complete stack trace.

FAILED (rfdiffusion)
    [WARN] rfdiffusion failed:
f_conf.input_pdb)
  File "/home/sagemaker-user/RFantibody_partialflow/src/rfantibody/rfdiffusion/inference/ab_pose.py", line 265, in from_HLT
    pose = HLT_pdb_parser(pdb_path)
  File "/home/sagemaker-user/RFantibody_partialflow/src/rfantibody/rfdiffusion/parsers.py", line 214, in HLT_pdb_parser
    with open(path,'r') as f:
FileNotFoundError: [Errno 2] No such file or directory: '/home/sagemaker-user/RFantibody_partialflow/IL1RAP_5I1A_benchmark_parallel_igdesign/arm_C_beam_no_anchor/_beam_work/input_renumbered.pdb'

Set the environment variable HYDRA_FULL_ERROR=1 for a complete stack trace.

FAILED (rfdiffusion)
    [WARN] rfdiffusion failed:
f_conf.input_pdb)
  File "/home/sagemaker-user/RFantibody_partialflow/src/rfantibody/rfdiffusion/inference/ab_pose.py", line 265, in from_HLT
    pose = HLT_pdb_parser(pdb_path)
  File "/home/sagemaker-user/RFantibody_partialflow/src/rfantibody/rfdiffusion/parsers.py", line 214, in HLT_pdb_parser
    with open(path,'r') as f:
FileNotFoundError: [Errno 2] No such file or directory: '/home/sagemaker-user/RFantibody_partialflow/IL1RAP_5I1A_benchmark_parallel_igdesign/arm_C_beam_no_anchor/_beam_work/input_renumbered.pdb'

Set the environment variable HYDRA_FULL_ERROR=1 for a complete stack trace.

FAILED (rfdiffusion)
    [WARN] rfdiffusion failed:
f_conf.input_pdb)
  File "/home/sagemaker-user/RFantibody_partialflow/src/rfantibody/rfdiffusion/inference/ab_pose.py", line 265, in from_HLT
    pose = HLT_pdb_parser(pdb_path)
  File "/home/sagemaker-user/RFantibody_partialflow/src/rfantibody/rfdiffusion/parsers.py", line 214, in HLT_pdb_parser
    with open(path,'r') as f:
FileNotFoundError: [Errno 2] No such file or directory: '/home/sagemaker-user/RFantibody_partialflow/IL1RAP_5I1A_benchmark_parallel_igdesign/arm_C_beam_no_anchor/_beam_work/input_renumbered.pdb'

Set the environment variable HYDRA_FULL_ERROR=1 for a complete stack trace.

FAILED (rfdiffusion)
    [WARN] rfdiffusion failed:
f_conf.input_pdb)
  File "/home/sagemaker-user/RFantibody_partialflow/src/rfantibody/rfdiffusion/inference/ab_pose.py", line 265, in from_HLT
    pose = HLT_pdb_parser(pdb_path)
  File "/home/sagemaker-user/RFantibody_partialflow/src/rfantibody/rfdiffusion/parsers.py", line 214, in HLT_pdb_parser
    with open(path,'r') as f:
FileNotFoundError: [Errno 2] No such file or directory: '/home/sagemaker-user/RFantibody_partialflow/IL1RAP_5I1A_benchmark_parallel_igdesign/arm_C_beam_no_anchor/_beam_work/input_renumbered.pdb'

Set the environment variable HYDRA_FULL_ERROR=1 for a complete stack trace.

FAILED (rfdiffusion)
    [WARN] rfdiffusion failed:
f_conf.input_pdb)
  File "/home/sagemaker-user/RFantibody_partialflow/src/rfantibody/rfdiffusion/inference/ab_pose.py", line 265, in from_HLT
    pose = HLT_pdb_parser(pdb_path)
  File "/home/sagemaker-user/RFantibody_partialflow/src/rfantibody/rfdiffusion/parsers.py", line 214, in HLT_pdb_parser
    with open(path,'r') as f:
FileNotFoundError: [Errno 2] No such file or directory: '/home/sagemaker-user/RFantibody_partialflow/IL1RAP_5I1A_benchmark_parallel_igdesign/arm_C_beam_no_anchor/_beam_work/input_renumbered.pdb'

Set the environment variable HYDRA_FULL_ERROR=1 for a complete stack trace.

FAILED (rfdiffusion)
    [WARN] rfdiffusion failed:
f_conf.input_pdb)
  File "/home/sagemaker-user/RFantibody_partialflow/src/rfantibody/rfdiffusion/inference/ab_pose.py", line 265, in from_HLT
    pose = HLT_pdb_parser(pdb_path)
  File "/home/sagemaker-user/RFantibody_partialflow/src/rfantibody/rfdiffusion/parsers.py", line 214, in HLT_pdb_parser
    with open(path,'r') as f:
FileNotFoundError: [Errno 2] No such file or directory: '/home/sagemaker-user/RFantibody_partialflow/IL1RAP_5I1A_benchmark_parallel_igdesign/arm_C_beam_no_anchor/_beam_work/input_renumbered.pdb'

Set the environment variable HYDRA_FULL_ERROR=1 for a complete stack trace.

FAILED (rfdiffusion)
  [Arm C] Checkpoint 1/2 — 0 rollout(s) across 8 GPU(s)…
  [Arm C] Checkpoint 2/2 — 0 rollout(s) across 8 GPU(s)…
[Arm C] Generation complete.
/home/sagemaker-user/.local/share/uv/python/cpython-3.10.20-linux-x86_64-gnu/lib/python3.10/multiprocessing/resource_tracker.py:224: UserWarning: resource_tracker: There appear to be 3 leaked semaphore objects to clean up at shutdown
  warnings.warn('resource_tracker: There appear to be %d '
